,Real,Predito,Datetime,Theta,GHI,DNI,DHI
4320,15.0,15.0,2019-10-20 00:00:00,0.0,0,0,0
4321,15.0,15.0,2019-10-20 00:30:00,0.0,0,0,0
4322,15.0,15.0,2019-10-20 01:00:00,0.0,0,0,0
4323,15.0,15.0,2019-10-20 01:30:00,0.0,0,0,0
4324,15.0,15.0,2019-10-20 02:00:00,0.0,0,0,0
4325,15.0,15.0,2019-10-20 02:30:00,0.0,0,0,0
4326,15.0,15.0,2019-10-20 03:00:00,0.0,0,0,0
4327,15.0,15.0,2019-10-20 03:30:00,0.0,0,0,0
4328,15.0,15.0,2019-10-20 04:00:00,0.0,0,0,0
4329,15.0,15.0,2019-10-20 04:30:00,0.0,0,0,0
4330,15.0,15.0,2019-10-20 05:00:00,0.0,0,0,0
4331,0.0,-0.0376679921714862,2019-10-20 05:30:00,0.0,0,0,0
4332,15.0,15.0,2019-10-20 06:00:00,-18.50406103022098,29,0,29
4333,15.0,15.0,2019-10-20 06:30:00,-46.907180618701865,23,0,23
4334,15.0,15.0,2019-10-20 07:00:00,-60.0,266,418,124
4335,15.0,15.0,2019-10-20 07:30:00,-60.0,383,521,149
4336,15.0,15.0,2019-10-20 08:00:00,-56.45965047549196,506,640,152
4337,-1.9999999999999996,14.030000000000001,2019-10-20 08:30:00,-49.46576868429148,168,3,166
4338,-46.0,-31.610000000000035,2019-10-20 09:00:00,-42.36927704918904,502,190,362
4339,-22.000000000000004,-28.970000000000027,2019-10-20 09:30:00,-35.16249520874585,453,79,389
4340,-9.999999999999998,-14.819999999999974,2019-10-20 10:00:00,-27.84632949774256,383,31,356
4341,-7.999999999999998,-11.269999999999985,2019-10-20 10:30:00,-20.430751578427124,383,26,359
4342,-5.999999999999999,-5.939999999999945,2019-10-20 11:00:00,-12.934470526619336,277,15,262
4343,-5.000000000000003,-5.289999999999944,2019-10-20 11:30:00,-5.383658284961108,301,16,285
4344,-5.000000000000003,-7.140000000000007,2019-10-20 12:00:00,2.19026354546158,415,27,388
4345,-7.000000000000002,-10.65,2019-10-20 12:30:00,9.753569068148556,512,56,458
4346,-7.999999999999998,-10.820000000000007,2019-10-20 13:00:00,17.273541106703327,563,92,476
4347,-7.000000000000002,-8.769999999999987,2019-10-20 13:30:00,24.721618167125104,549,105,455
4348,-3.999999999999999,-7.680000000000041,2019-10-20 14:00:00,32.07593021763938,477,82,408
4349,-3.0000000000000027,-5.490000000000035,2019-10-20 14:30:00,39.3229572596727,510,164,385
4350,0.9999999999999964,0.6099999999999595,2019-10-20 15:00:00,46.45822370760556,429,140,333
4351,2.000000000000006,3.56999999999994,2019-10-20 15:30:00,53.48612191529532,261,35,240
4352,7.999999999999998,9.640000000000004,2019-10-20 16:00:00,60.0,264,96,217
4353,15.999999999999996,12.129999999999944,2019-10-20 16:30:00,60.0,219,145,163
4354,30.0,25.20999999999997,2019-10-20 17:00:00,60.0,214,489,80
4355,28.580064813927983,27.76323126931341,2019-10-20 17:30:00,28.580064813927983,103,312,54
4356,42.0,37.259999999999934,2019-10-20 18:00:00,7.163152489560119,19,59,16
4357,60.0,60.0,2019-10-20 18:30:00,0.0,0,0,0
4358,60.0,60.0,2019-10-20 19:00:00,0.0,0,0,0
4359,60.0,60.0,2019-10-20 19:30:00,0.0,0,0,0
4360,60.0,60.0,2019-10-20 20:00:00,0.0,0,0,0
4361,60.0,60.0,2019-10-20 20:30:00,0.0,0,0,0
4362,60.0,60.0,2019-10-20 21:00:00,0.0,0,0,0
4363,15.0,15.0,2019-10-20 21:30:00,0.0,0,0,0
4364,15.0,15.0,2019-10-20 22:00:00,0.0,0,0,0
4365,15.0,15.0,2019-10-20 22:30:00,0.0,0,0,0
4366,15.0,15.0,2019-10-20 23:00:00,0.0,0,0,0
4367,15.0,15.0,2019-10-20 23:30:00,0.0,0,0,0
4368,15.0,15.0,2019-10-21 00:00:00,0.0,0,0,0
4369,15.0,15.0,2019-10-21 00:30:00,0.0,0,0,0
4370,15.0,15.0,2019-10-21 01:00:00,0.0,0,0,0
4371,15.0,15.0,2019-10-21 01:30:00,0.0,0,0,0
4372,15.0,15.0,2019-10-21 02:00:00,0.0,0,0,0
4373,15.0,15.0,2019-10-21 02:30:00,0.0,0,0,0
4374,15.0,15.0,2019-10-21 03:00:00,0.0,0,0,0
4375,15.0,15.0,2019-10-21 03:30:00,0.0,0,0,0
4376,15.0,15.0,2019-10-21 04:00:00,0.0,0,0,0
4377,15.0,15.0,2019-10-21 04:30:00,0.0,0,0,0
4378,15.0,15.0,2019-10-21 05:00:00,0.0,0,0,0
4379,-0.05967853495099318,-0.18963800355533245,2019-10-21 05:30:00,-0.05967853495099,0,0,0
4380,15.0,15.0,2019-10-21 06:00:00,-19.08982241070809,15,0,15
4381,15.0,15.0,2019-10-21 06:30:00,-48.10057882738422,36,0,36
4382,15.0,15.0,2019-10-21 07:00:00,-60.0,64,0,64
4383,15.0,15.0,2019-10-21 07:30:00,-60.0,201,43,181
4384,15.0,15.0,2019-10-21 08:00:00,-56.299508197246034,154,0,154
4385,-15.999999999999996,13.089999999999998,2019-10-21 08:30:00,-49.31552928374007,287,35,264
4386,-5.999999999999999,-6.729999999999919,2019-10-21 09:00:00,-42.230660390539526,235,12,227
4387,-28.0,-31.720000000000024,2019-10-21 09:30:00,-35.03726597757405,497,113,406
4388,-26.0,-25.89999999999999,2019-10-21 10:00:00,-27.73622671504173,558,126,449
4389,-9.000000000000002,-16.749999999999993,2019-10-21 10:30:00,-20.33738739372212,432,37,399
4390,-7.000000000000002,-11.930000000000005,2019-10-21 11:00:00,-12.859211140981408,419,29,391
4391,-7.000000000000002,-11.570000000000006,2019-10-21 11:30:00,-5.327505464232962,440,32,409
4392,-7.000000000000002,-10.74000000000003,2019-10-21 12:00:00,2.2267684798258487,481,42,440
4393,-5.000000000000003,-8.860000000000017,2019-10-21 12:30:00,9.770398767883725,441,33,409
4394,-3.0000000000000027,-2.5599999999999246,2019-10-21 13:00:00,17.271184553736937,231,13,219
4395,-1.9999999999999996,-1.7799999999999505,2019-10-21 13:30:00,24.70103112405116,249,13,237
4396,-1.000000000000003,-1.2299999999999578,2019-10-21 14:00:00,32.03844613753471,214,10,205
4397,0.0,0.0,2019-10-21 14:30:00,39.27017877186169,22,0,22
4398,0.0,0.0,2019-10-21 15:00:00,46.39191500556437,81,0,81
4399,0.0,1.009999999999982,2019-10-21 15:30:00,53.40811877510028,16,0,16
4400,0.0,1.959999999999984,2019-10-21 16:00:00,60.0,49,0,49
4401,0.0,2.7399999999999913,2019-10-21 16:30:00,60.0,82,0,82
4402,0.0,11.607922804534395,2019-10-21 17:00:00,60.0,91,0,91
4403,0.0,37.20999999999998,2019-10-21 17:30:00,28.984661364741505,36,0,36
4404,0.0,38.939999999999934,2019-10-21 18:00:00,7.463613633026071,11,0,11
4405,60.0,60.0,2019-10-21 18:30:00,0.0,0,0,0
4406,60.0,60.0,2019-10-21 19:00:00,0.0,0,0,0
4407,60.0,60.0,2019-10-21 19:30:00,0.0,0,0,0
4408,60.0,60.0,2019-10-21 20:00:00,0.0,0,0,0
4409,60.0,60.0,2019-10-21 20:30:00,0.0,0,0,0
4410,60.0,60.0,2019-10-21 21:00:00,0.0,0,0,0
4411,15.0,15.0,2019-10-21 21:30:00,0.0,0,0,0
4412,15.0,15.0,2019-10-21 22:00:00,0.0,0,0,0
4413,15.0,15.0,2019-10-21 22:30:00,0.0,0,0,0
4414,15.0,15.0,2019-10-21 23:00:00,0.0,0,0,0
4415,15.0,15.0,2019-10-21 23:30:00,0.0,0,0,0
4416,15.0,15.0,2019-10-22 00:00:00,0.0,0,0,0
4417,15.0,15.0,2019-10-22 00:30:00,0.0,0,0,0
4418,15.0,15.0,2019-10-22 01:00:00,0.0,0,0,0
4419,15.0,15.0,2019-10-22 01:30:00,0.0,0,0,0
4420,15.0,15.0,2019-10-22 02:00:00,0.0,0,0,0
4421,15.0,15.0,2019-10-22 02:30:00,0.0,0,0,0
4422,15.0,15.0,2019-10-22 03:00:00,0.0,0,0,0
4423,15.0,15.0,2019-10-22 03:30:00,0.0,0,0,0
4424,15.0,15.0,2019-10-22 04:00:00,0.0,0,0,0
4425,15.0,15.0,2019-10-22 04:30:00,0.0,0,0,0
4426,15.0,15.0,2019-10-22 05:00:00,0.0,0,0,0
4427,-0.4991549915648341,-0.693543398192813,2019-10-22 05:30:00,-0.4991549915648363,0,0,0
4428,15.0,15.0,2019-10-22 06:00:00,-19.669809027201524,27,0,27
4429,15.0,15.0,2019-10-22 06:30:00,-49.33123866525838,86,15,82
4430,15.0,15.0,2019-10-22 07:00:00,-60.0,136,23,128
4431,15.0,15.0,2019-10-22 07:30:00,-60.0,226,74,193
4432,15.0,15.0,2019-10-22 08:00:00,-56.143011089435184,324,124,255
4433,-52.0,-10.310000000000004,2019-10-22 08:30:00,-49.16896620957963,432,182,313
4434,-60.0,-31.21,2019-10-22 09:00:00,-42.09572624638779,624,433,305
4435,-37.0,-35.75000000000001,2019-10-22 09:30:00,-34.91569499459398,556,174,414
4436,-30.999999999999996,-38.06,2019-10-22 10:00:00,-27.62972283864281,599,165,455
4437,-7.000000000000002,-10.159999999999966,2019-10-22 10:30:00,-20.2475251135898,379,25,356
4438,-32.0,-32.90000000000001,2019-10-22 11:00:00,-12.787319462241904,764,283,494
4439,-26.0,-32.550000000000004,2019-10-22 11:30:00,-5.274553050314333,759,252,514
4440,-21.0,-35.24999999999999,2019-10-22 12:00:00,2.2602657770716563,742,227,521
4441,-19.0,-23.66999999999999,2019-10-22 12:30:00,9.784428633809965,758,262,506
4442,-7.999999999999998,-14.1,2019-10-22 13:00:00,17.266239267699486,574,98,482
4443,-13.0,-15.560000000000011,2019-10-22 13:30:00,24.678058224566907,749,360,427
4444,-7.999999999999998,-10.560000000000016,2019-10-22 14:00:00,31.998760877503905,693,347,403
4445,-3.999999999999999,-4.35999999999998,2019-10-22 14:30:00,39.21535798021306,641,387,343
4446,2.000000000000006,0.33999999999994923,2019-10-22 15:00:00,46.323692065437946,535,323,313
4447,7.999999999999998,8.420000000000112,2019-10-22 15:30:00,53.32829596675133,512,521,201
4448,15.0,14.839999999999979,2019-10-22 16:00:00,60.0,412,496,166
4449,22.000000000000004,20.6199999999999,2019-10-22 16:30:00,60.0,298,430,131
4450,23.999999999999996,18.660000000000064,2019-10-22 17:00:00,60.0,147,136,109
4451,28.000000000000007,28.818655222151758,2019-10-22 17:30:00,29.39961475593858,69,66,59
4452,41.0,37.259999999999934,2019-10-22 18:00:00,7.7703664519392674,20,57,17
4453,60.0,60.0,2019-10-22 18:30:00,0.0,0,0,0
4454,60.0,60.0,2019-10-22 19:00:00,0.0,0,0,0
4455,60.0,60.0,2019-10-22 19:30:00,0.0,0,0,0
4456,60.0,60.0,2019-10-22 20:00:00,0.0,0,0,0
4457,60.0,60.0,2019-10-22 20:30:00,0.0,0,0,0
4458,60.0,60.0,2019-10-22 21:00:00,0.0,0,0,0
4459,15.0,15.0,2019-10-22 21:30:00,0.0,0,0,0
4460,15.0,15.0,2019-10-22 22:00:00,0.0,0,0,0
4461,15.0,15.0,2019-10-22 22:30:00,0.0,0,0,0
4462,15.0,15.0,2019-10-22 23:00:00,0.0,0,0,0
4463,15.0,15.0,2019-10-22 23:30:00,0.0,0,0,0
4464,15.0,15.0,2019-10-23 00:00:00,0.0,0,0,0
4465,15.0,15.0,2019-10-23 00:30:00,0.0,0,0,0
4466,15.0,15.0,2019-10-23 01:00:00,0.0,0,0,0
4467,15.0,15.0,2019-10-23 01:30:00,0.0,0,0,0
4468,15.0,15.0,2019-10-23 02:00:00,0.0,0,0,0
4469,15.0,15.0,2019-10-23 02:30:00,0.0,0,0,0
4470,15.0,15.0,2019-10-23 03:00:00,0.0,0,0,0
4471,15.0,15.0,2019-10-23 03:30:00,0.0,0,0,0
4472,15.0,15.0,2019-10-23 04:00:00,0.0,0,0,0
4473,15.0,15.0,2019-10-23 04:30:00,0.0,0,0,0
4474,15.0,15.0,2019-10-23 05:00:00,0.0,0,0,0
4475,-0.9341909612242771,-0.9459434110688947,2019-10-23 05:30:00,-0.9341909612242744,0,0,0
4476,15.0,15.0,2019-10-23 06:00:00,-20.2436236494938,70,215,45
4477,15.0,15.0,2019-10-23 06:30:00,-50.6044596476783,174,416,78
4478,15.0,15.0,2019-10-23 07:00:00,-60.0,293,561,98
4479,15.0,15.0,2019-10-23 07:30:00,-60.0,413,653,115
4480,15.0,15.0,2019-10-23 08:00:00,-55.99023539711786,532,729,124
4481,-60.0,7.659999999999996,2019-10-23 08:30:00,-49.02615008357162,643,778,134
4482,-60.0,-41.92999999999999,2019-10-23 09:00:00,-41.964539531253294,743,807,146
4483,-60.0,-51.12,2019-10-23 09:30:00,-34.797841490442885,832,835,153
4484,-60.0,-58.96,2019-10-23 10:00:00,-27.52687158525799,905,850,162
4485,-60.0,-54.96999999999999,2019-10-23 10:30:00,-20.161213265212208,963,865,166
4486,-54.0,-54.87,2019-10-23 11:00:00,-12.718839282514333,1005,878,166
4487,-36.0,-40.830000000000034,2019-10-23 11:30:00,-5.224840628142616,938,494,457
4488,-21.0,-34.61999999999998,2019-10-23 12:00:00,2.290719541622145,749,234,520
4489,-11.000000000000002,-17.67999999999998,2019-10-23 12:30:00,9.795626013302432,604,104,504
4490,-19.999999999999996,-20.46999999999997,2019-10-23 13:00:00,17.258675518191772,878,476,432
4491,-14.000000000000004,-15.680000000000012,2019-10-23 13:30:00,24.65267247028337,775,420,399
4492,-1.9999999999999996,-2.2299999999999343,2019-10-23 14:00:00,31.95685008285746,354,27,332
4493,0.0,-1.0999999999999521,2019-10-23 14:30:00,39.15847313585133,231,11,223
4494,0.9999999999999964,-0.5000000000000315,2019-10-23 15:00:00,46.25353569848075,401,104,330
4495,6.000000000000005,5.399999999999965,2019-10-23 15:30:00,53.24663675814634,396,196,279
4496,15.999999999999996,15.409999999999956,2019-10-23 16:00:00,60.0,459,665,128
4497,0.0,2.3699999999999655,2019-10-23 16:30:00,60.0,130,1,129
4498,30.0,25.159999999999975,2019-10-23 17:00:00,60.0,221,492,84
4499,29.82526681739189,27.7693533424908,2019-10-23 17:30:00,29.825266817391885,110,318,58
4500,41.0,37.40999999999993,2019-10-23 18:00:00,8.083484364204736,23,68,20
4501,60.0,60.0,2019-10-23 18:30:00,0.0,0,0,0
4502,60.0,60.0,2019-10-23 19:00:00,0.0,0,0,0
4503,60.0,60.0,2019-10-23 19:30:00,0.0,0,0,0
4504,60.0,60.0,2019-10-23 20:00:00,0.0,0,0,0
4505,60.0,60.0,2019-10-23 20:30:00,0.0,0,0,0
4506,60.0,60.0,2019-10-23 21:00:00,0.0,0,0,0
4507,15.0,15.0,2019-10-23 21:30:00,0.0,0,0,0
4508,15.0,15.0,2019-10-23 22:00:00,0.0,0,0,0
4509,15.0,15.0,2019-10-23 22:30:00,0.0,0,0,0
4510,15.0,15.0,2019-10-23 23:00:00,0.0,0,0,0
4511,15.0,15.0,2019-10-23 23:30:00,0.0,0,0,0
4512,15.0,15.0,2019-10-24 00:00:00,0.0,0,0,0
4513,15.0,15.0,2019-10-24 00:30:00,0.0,0,0,0
4514,15.0,15.0,2019-10-24 01:00:00,0.0,0,0,0
4515,15.0,15.0,2019-10-24 01:30:00,0.0,0,0,0
4516,15.0,15.0,2019-10-24 02:00:00,0.0,0,0,0
4517,15.0,15.0,2019-10-24 02:30:00,0.0,0,0,0
4518,15.0,15.0,2019-10-24 03:00:00,0.0,0,0,0
4519,15.0,15.0,2019-10-24 03:30:00,0.0,0,0,0
4520,15.0,15.0,2019-10-24 04:00:00,0.0,0,0,0
4521,15.0,15.0,2019-10-24 04:30:00,0.0,0,0,0
4522,15.0,15.0,2019-10-24 05:00:00,0.0,0,0,0
4523,-1.3650243858741762,-1.2410828140411878,2019-10-24 05:30:00,-1.3650243858741788,0,0,0
4524,15.0,15.0,2019-10-24 06:00:00,-20.81086809447692,12,0,12
4525,15.0,15.0,2019-10-24 06:30:00,-51.92698675562816,175,425,76
4526,15.0,15.0,2019-10-24 07:00:00,-60.0,293,560,98
4527,15.0,15.0,2019-10-24 07:30:00,-60.0,412,650,114
4528,15.0,15.0,2019-10-24 08:00:00,-55.84125201354928,529,714,128
4529,-60.0,7.659999999999996,2019-10-24 08:30:00,-48.88714596961762,640,764,139
4530,-60.0,-41.94999999999999,2019-10-24 09:00:00,-41.83715939560744,740,797,149
4531,-60.0,-46.699999999999996,2019-10-24 09:30:00,-34.68375873321755,828,825,156
4532,-41.0,-40.45000000000001,2019-10-24 10:00:00,-27.42772051920637,684,273,445
4533,-5.999999999999999,-6.7099999999999405,2019-10-24 10:30:00,-20.07849404733837,298,16,283
4534,-5.999999999999999,-5.669999999999942,2019-10-24 11:00:00,-12.65380790518869,231,13,219
4535,-5.999999999999999,-11.089999999999991,2019-10-24 11:30:00,-5.178401149688891,432,30,403
4536,-3.999999999999999,-5.119999999999963,2019-10-24 12:00:00,2.318100634428222,326,18,308
4537,-9.999999999999998,-17.45999999999997,2019-10-24 12:30:00,9.80396511532855,599,100,502
4538,-3.0000000000000027,-2.5499999999999257,2019-10-24 13:00:00,17.248470521840296,259,14,246
4539,-5.000000000000003,-7.38000000000004,2019-10-24 13:30:00,24.624853876752827,494,67,434
4540,-11.999999999999998,-12.240000000000057,2019-10-24 14:00:00,31.91269646480369,852,810,171
4541,-5.000000000000003,-5.0199999999999605,2019-10-24 14:30:00,39.09950959671518,769,784,164
4542,0.9999999999999964,-1.8300000000000516,2019-10-24 15:00:00,46.18143386104784,472,197,336
4543,4.999999999999996,5.459999999999958,2019-10-24 15:30:00,53.16313160372773,374,155,282
4544,4.999999999999996,4.989999999999957,2019-10-24 16:00:00,60.0,213,33,197
4545,0.0,0.43000000000000593,2019-10-24 16:30:00,60.0,115,0,115
4546,29.000000000000004,25.03999999999996,2019-10-24 17:00:00,60.0,207,364,105
4547,30.26195299970385,27.715346942517307,2019-10-24 17:30:00,30.26195299970386,100,206,66
4548,37.0,37.259999999999934,2019-10-24 18:00:00,8.403022516119819,18,30,17
4549,60.0,60.0,2019-10-24 18:30:00,0.0,0,0,0
4550,60.0,60.0,2019-10-24 19:00:00,0.0,0,0,0
4551,60.0,60.0,2019-10-24 19:30:00,0.0,0,0,0
4552,60.0,60.0,2019-10-24 20:00:00,0.0,0,0,0
4553,60.0,60.0,2019-10-24 20:30:00,0.0,0,0,0
4554,60.0,60.0,2019-10-24 21:00:00,0.0,0,0,0
4555,15.0,15.0,2019-10-24 21:30:00,0.0,0,0,0
4556,15.0,15.0,2019-10-24 22:00:00,0.0,0,0,0
4557,15.0,15.0,2019-10-24 22:30:00,0.0,0,0,0
4558,15.0,15.0,2019-10-24 23:00:00,0.0,0,0,0
4559,15.0,15.0,2019-10-24 23:30:00,0.0,0,0,0
4560,15.0,15.0,2019-10-25 00:00:00,0.0,0,0,0
4561,15.0,15.0,2019-10-25 00:30:00,0.0,0,0,0
4562,15.0,15.0,2019-10-25 01:00:00,0.0,0,0,0
4563,15.0,15.0,2019-10-25 01:30:00,0.0,0,0,0
4564,15.0,15.0,2019-10-25 02:00:00,0.0,0,0,0
4565,15.0,15.0,2019-10-25 02:30:00,0.0,0,0,0
4566,15.0,15.0,2019-10-25 03:00:00,0.0,0,0,0
4567,15.0,15.0,2019-10-25 03:30:00,0.0,0,0,0
4568,15.0,15.0,2019-10-25 04:00:00,0.0,0,0,0
4569,15.0,15.0,2019-10-25 04:30:00,0.0,0,0,0
4570,15.0,15.0,2019-10-25 05:00:00,0.0,0,0,0
4571,-1.7915138234005634,-1.7895299783521001,2019-10-25 05:30:00,-1.791513823400564,0,0,0
4572,15.0,15.0,2019-10-25 06:00:00,-21.37114387819934,74,203,49
4573,15.0,15.0,2019-10-25 06:30:00,-53.30759637583571,179,395,85
4574,15.0,15.0,2019-10-25 07:00:00,-60.0,297,542,107
4575,15.0,15.0,2019-10-25 07:30:00,-60.0,418,636,125
4576,15.0,15.0,2019-10-25 08:00:00,-55.69612628012699,541,729,130
4577,-60.0,7.659999999999996,2019-10-25 08:30:00,-48.75201321414888,652,778,140
4578,-60.0,-41.94999999999999,2019-10-25 09:00:00,-41.71363911176327,757,831,140
4579,-60.0,-42.849999999999994,2019-10-25 09:30:00,-34.57349395974396,847,858,146
4580,-60.0,-58.98,2019-10-25 10:00:00,-27.33231103730908,922,879,150
4581,-60.0,-56.120000000000005,2019-10-25 10:30:00,-19.99940337136988,977,891,152
4582,-54.0,-54.96,2019-10-25 11:00:00,-12.592256243553605,1017,897,157
4583,-47.0,-46.02000000000002,2019-10-25 11:30:00,-5.135261091602013,1039,902,159
4584,-40.0,-38.96,2019-10-25 12:00:00,2.342386459426489,1037,888,167
4585,-33.0,-31.130000000000017,2019-10-25 12:30:00,9.809426744738149,1023,885,167
4586,-26.0,-25.060000000000013,2019-10-25 13:00:00,17.235608128907753,981,853,180
4587,-19.0,-19.720000000000045,2019-10-25 13:30:00,24.594589117614287,927,838,176
4588,-11.999999999999998,-12.300000000000058,2019-10-25 14:00:00,31.86628940602667,856,806,178
4589,-5.000000000000003,-4.999999999999956,2019-10-25 14:30:00,39.03845940421613,771,777,171
4590,2.000000000000006,1.309999999999949,2019-10-25 15:00:00,46.10738120498611,683,781,143
4591,8.999999999999995,8.10000000000004,2019-10-25 15:30:00,53.07777767412084,574,735,133
4592,15.999999999999996,15.409999999999956,2019-10-25 16:00:00,59.96207112232059,456,662,125
4593,23.0,21.32999999999994,2019-10-25 16:30:00,60.0,337,580,109
4594,29.000000000000004,25.18999999999996,2019-10-25 17:00:00,60.0,216,436,93
4595,30.710005109423435,27.77918957894273,2019-10-25 17:30:00,30.710005109423427,107,270,62
4596,39.99999999999999,37.21999999999995,2019-10-25 18:00:00,8.729019068396994,22,54,19
4597,60.0,60.0,2019-10-25 18:30:00,0.0,0,0,0
4598,60.0,60.0,2019-10-25 19:00:00,0.0,0,0,0
4599,60.0,60.0,2019-10-25 19:30:00,0.0,0,0,0
4600,60.0,60.0,2019-10-25 20:00:00,0.0,0,0,0
4601,60.0,60.0,2019-10-25 20:30:00,0.0,0,0,0
4602,60.0,60.0,2019-10-25 21:00:00,0.0,0,0,0
4603,15.0,15.0,2019-10-25 21:30:00,0.0,0,0,0
4604,15.0,15.0,2019-10-25 22:00:00,0.0,0,0,0
4605,15.0,15.0,2019-10-25 22:30:00,0.0,0,0,0
4606,15.0,15.0,2019-10-25 23:00:00,0.0,0,0,0
4607,15.0,15.0,2019-10-25 23:30:00,0.0,0,0,0
4608,15.0,15.0,2019-10-26 00:00:00,0.0,0,0,0
4609,15.0,15.0,2019-10-26 00:30:00,0.0,0,0,0
4610,15.0,15.0,2019-10-26 01:00:00,0.0,0,0,0
4611,15.0,15.0,2019-10-26 01:30:00,0.0,0,0,0
4612,15.0,15.0,2019-10-26 02:00:00,0.0,0,0,0
4613,15.0,15.0,2019-10-26 02:30:00,0.0,0,0,0
4614,15.0,15.0,2019-10-26 03:00:00,0.0,0,0,0
4615,15.0,15.0,2019-10-26 03:30:00,0.0,0,0,0
4616,15.0,15.0,2019-10-26 04:00:00,0.0,0,0,0
4617,15.0,15.0,2019-10-26 04:30:00,0.0,0,0,0
4618,15.0,15.0,2019-10-26 05:00:00,0.0,0,0,0
4619,-2.213291621723099,-2.366643303929332,2019-10-26 05:30:00,-2.2132916217231013,0,0,0
4620,15.0,15.0,2019-10-26 06:00:00,-21.92405196954576,76,215,49
4621,15.0,15.0,2019-10-26 06:30:00,-54.75801948184522,181,405,84
4622,15.0,15.0,2019-10-26 07:00:00,-60.0,299,536,109
4623,15.0,15.0,2019-10-26 07:30:00,-60.0,419,629,128
4624,15.0,15.0,2019-10-26 08:00:00,-55.5549181232244,537,710,136
4625,-17.0,13.229999999999995,2019-10-26 08:30:00,-48.62080562588684,303,40,276
4626,-28.0,-24.640000000000036,2019-10-26 09:00:00,-41.5940263012205,433,97,361
4627,-28.0,-29.820000000000032,2019-10-26 09:30:00,-34.46708865760047,508,117,413
4628,-60.0,-58.93,2019-10-26 10:00:00,-27.24067870283566,917,870,152
4629,-60.0,-55.24,2019-10-26 10:30:00,-19.92397124740245,975,885,155
4630,-54.0,-54.89,2019-10-26 11:00:00,-12.534209257695936,1018,901,153
4631,-47.0,-45.920000000000016,2019-10-26 11:30:00,-5.095440939806649,1038,904,154
4632,-40.0,-39.43,2019-10-26 12:00:00,2.3635604393919203,1040,901,157
4633,-33.0,-30.13000000000002,2019-10-26 12:30:00,9.811997739549918,1025,897,156
4634,-26.0,-25.019999999999996,2019-10-26 13:00:00,17.22007822788886,989,881,160
4635,-19.0,-22.150000000000038,2019-10-26 13:30:00,24.561870902638333,937,869,157
4636,-11.999999999999998,-12.810000000000048,2019-10-26 14:00:00,31.81762432077585,865,842,156
4637,-3.0000000000000027,-5.7200000000000095,2019-10-26 14:30:00,38.97532062307446,553,214,388
4638,0.0,-0.06999999999999895,2019-10-26 15:00:00,46.03137840673558,188,6,183
4639,0.0,1.169999999999991,2019-10-26 15:30:00,52.99057817817565,159,1,158
4640,0.0,0.0,2019-10-26 16:00:00,59.86534747590928,115,0,115
4641,3.0000000000000027,3.049999999999957,2019-10-26 16:30:00,60.0,142,9,139
4642,30.0,25.159999999999975,2019-10-26 17:00:00,60.0,226,501,84
4643,31.16975490633146,27.74445629936986,2019-10-26 17:30:00,31.169754906331463,114,331,58
4644,42.0,37.40999999999993,2019-10-26 18:00:00,9.06149698888798,26,90,21
4645,60.0,60.0,2019-10-26 18:30:00,0.0,0,0,0
4646,60.0,60.0,2019-10-26 19:00:00,0.0,0,0,0
4647,60.0,60.0,2019-10-26 19:30:00,0.0,0,0,0
4648,60.0,60.0,2019-10-26 20:00:00,0.0,0,0,0
4649,60.0,60.0,2019-10-26 20:30:00,0.0,0,0,0
4650,60.0,60.0,2019-10-26 21:00:00,0.0,0,0,0
4651,15.0,15.0,2019-10-26 21:30:00,0.0,0,0,0
4652,15.0,15.0,2019-10-26 22:00:00,0.0,0,0,0
4653,15.0,15.0,2019-10-26 22:30:00,0.0,0,0,0
4654,15.0,15.0,2019-10-26 23:00:00,0.0,0,0,0
4655,15.0,15.0,2019-10-26 23:30:00,0.0,0,0,0
4656,15.0,15.0,2019-10-27 00:00:00,0.0,0,0,0
4657,15.0,15.0,2019-10-27 00:30:00,0.0,0,0,0
4658,15.0,15.0,2019-10-27 01:00:00,0.0,0,0,0
4659,15.0,15.0,2019-10-27 01:30:00,0.0,0,0,0
4660,15.0,15.0,2019-10-27 02:00:00,0.0,0,0,0
4661,15.0,15.0,2019-10-27 02:30:00,0.0,0,0,0
4662,15.0,15.0,2019-10-27 03:00:00,0.0,0,0,0
4663,15.0,15.0,2019-10-27 03:30:00,0.0,0,0,0
4664,15.0,15.0,2019-10-27 04:00:00,0.0,0,0,0
4665,15.0,15.0,2019-10-27 04:30:00,0.0,0,0,0
4666,15.0,15.0,2019-10-27 05:00:00,0.0,0,0,0
4667,-2.62986526860864,-2.638945023190997,2019-10-27 05:30:00,-2.62986526860864,0,0,0
4668,15.0,15.0,2019-10-27 06:00:00,-22.469191077891075,63,147,45
4669,15.0,15.0,2019-10-27 06:30:00,-56.294475211621744,194,532,65
4670,15.0,15.0,2019-10-27 07:00:00,-60.0,317,667,79
4671,15.0,15.0,2019-10-27 07:30:00,-60.0,441,751,92
4672,15.0,15.0,2019-10-27 08:00:00,-55.41768264164229,522,669,142
4673,-60.0,4.6099999999999985,2019-10-27 08:30:00,-48.49357209853871,673,857,105
4674,-60.0,-41.99999999999999,2019-10-27 09:00:00,-41.47836359051358,775,894,108
4675,-60.0,-40.00999999999999,2019-10-27 09:30:00,-34.36457925360302,865,918,113
4676,-60.0,-58.94,2019-10-27 10:00:00,-27.15285396742646,939,933,118
4677,-60.0,-55.13,2019-10-27 10:30:00,-19.85222253680081,998,945,121
4678,-54.0,-54.94,2019-10-27 11:00:00,-12.479686732881682,1033,945,126
4679,-48.0,-46.030000000000015,2019-10-27 11:30:00,-5.058955989077782,1056,949,127
4680,-41.0,-38.98,2019-10-27 12:00:00,2.3816111967732088,1055,940,131
4681,-34.0,-29.540000000000024,2019-10-27 12:30:00,9.811670143430646,1039,937,131
4682,-26.0,-25.210000000000015,2019-10-27 13:00:00,17.201875915775705,997,914,137
4683,-19.0,-22.35000000000005,2019-10-27 13:30:00,24.526697151302987,944,900,135
4684,-11.000000000000002,-11.810000000000079,2019-10-27 14:00:00,31.76670183436211,832,641,292
4685,-5.000000000000003,-5.239999999999956,2019-10-27 14:30:00,38.91009653796236,775,730,209
4686,0.9999999999999964,-1.039999999999992,2019-10-27 15:00:00,45.95343137675666,373,74,322
4687,8.999999999999995,8.210000000000042,2019-10-27 15:30:00,52.90154158580214,570,706,144
4688,15.999999999999996,15.409999999999956,2019-10-27 16:00:00,59.76685861163256,444,573,155
4689,22.000000000000004,21.369999999999965,2019-10-27 16:30:00,60.0,327,488,133
4690,28.000000000000007,25.109999999999967,2019-10-27 17:00:00,60.0,208,338,112
4691,31.641538155224328,28.298616810313,2019-10-27 17:30:00,31.64153815522433,102,191,69
4692,36.00000000000001,38.38999999999996,2019-10-27 18:00:00,9.400466023058785,18,25,17
4693,60.0,60.0,2019-10-27 18:30:00,0.0,0,0,0
4694,60.0,60.0,2019-10-27 19:00:00,0.0,0,0,0
4695,60.0,60.0,2019-10-27 19:30:00,0.0,0,0,0
4696,60.0,60.0,2019-10-27 20:00:00,0.0,0,0,0
4697,60.0,60.0,2019-10-27 20:30:00,0.0,0,0,0
4698,60.0,60.0,2019-10-27 21:00:00,0.0,0,0,0
4699,15.0,15.0,2019-10-27 21:30:00,0.0,0,0,0
4700,15.0,15.0,2019-10-27 22:00:00,0.0,0,0,0
4701,15.0,15.0,2019-10-27 22:30:00,0.0,0,0,0
4702,15.0,15.0,2019-10-27 23:00:00,0.0,0,0,0
4703,15.0,15.0,2019-10-27 23:30:00,0.0,0,0,0
4704,15.0,15.0,2019-10-28 00:00:00,0.0,0,0,0
4705,15.0,15.0,2019-10-28 00:30:00,0.0,0,0,0
4706,15.0,15.0,2019-10-28 01:00:00,0.0,0,0,0
4707,15.0,15.0,2019-10-28 01:30:00,0.0,0,0,0
4708,15.0,15.0,2019-10-28 02:00:00,0.0,0,0,0
4709,15.0,15.0,2019-10-28 02:30:00,0.0,0,0,0
4710,15.0,15.0,2019-10-28 03:00:00,0.0,0,0,0
4711,15.0,15.0,2019-10-28 03:30:00,0.0,0,0,0
4712,15.0,15.0,2019-10-28 04:00:00,0.0,0,0,0
4713,15.0,15.0,2019-10-28 04:30:00,0.0,0,0,0
4714,15.0,15.0,2019-10-28 05:00:00,0.0,0,0,0
4715,-3.040681296539276,-2.8968355104690113,2019-10-28 05:30:00,-3.040681296539276,0,0,0
4716,15.0,15.0,2019-10-28 06:00:00,-23.00615427198137,20,0,20
4717,15.0,15.0,2019-10-28 06:30:00,-57.94039739276767,53,0,53
4718,15.0,15.0,2019-10-28 07:00:00,-60.0,83,0,83
4719,15.0,15.0,2019-10-28 07:30:00,-60.0,224,59,196
4720,15.0,15.0,2019-10-28 08:00:00,-55.28447115768184,277,56,245
4721,-60.0,-19.920000000000012,2019-10-28 08:30:00,-48.3703576776593,529,357,291
4722,-55.0,-30.200000000000006,2019-10-28 09:00:00,-41.36668969824722,575,288,360
4723,-60.0,-39.38,2019-10-28 09:30:00,-34.265998216075495,751,510,331
4724,-25.000000000000004,-26.25999999999999,2019-10-28 10:00:00,-27.068863284734185,569,126,458
4725,-59.0,-52.46999999999999,2019-10-28 10:30:00,-19.78417807195359,952,834,177
4726,-53.0,-54.720000000000006,2019-10-28 11:00:00,-12.428704401018177,993,849,176
4727,-34.0,-40.27000000000003,2019-10-28 11:30:00,-5.025817455745488,933,467,475
4728,-29.000000000000004,-37.31,2019-10-28 12:00:00,2.396531457599445,933,462,479
4729,-32.0,-28.930000000000017,2019-10-28 12:30:00,9.808440130184092,1001,844,182
4730,-18.000000000000004,-19.359999999999978,2019-10-28 13:00:00,17.181000448735254,805,380,447
4731,-19.0,-19.26000000000005,2019-10-28 13:30:00,24.48906997412516,916,822,175
4732,-5.999999999999999,-8.959999999999953,2019-10-28 14:00:00,31.713526797196767,586,175,438
4733,-5.000000000000003,-5.089999999999959,2019-10-28 14:30:00,38.84279469611816,766,777,163
4734,2.000000000000006,1.729999999999956,2019-10-28 15:00:00,45.87355033462202,670,737,157
4735,7.999999999999998,8.460000000000122,2019-10-28 15:30:00,52.810680733304544,515,496,215
4736,14.000000000000004,14.59999999999999,2019-10-28 16:00:00,59.6666198551576,381,350,204
4737,21.000000000000007,20.689999999999905,2019-10-28 16:30:00,60.0,299,394,142
4738,29.000000000000004,25.45000000000001,2019-10-28 17:00:00,60.0,214,416,95
4739,32.1256992927567,28.88773741332493,2019-10-28 17:30:00,32.12569929275671,107,260,62
4740,41.0,38.24999999999997,2019-10-28 18:00:00,9.745924923822685,23,67,19
4741,60.0,60.0,2019-10-28 18:30:00,0.0,0,0,0
4742,60.0,60.0,2019-10-28 19:00:00,0.0,0,0,0
4743,60.0,60.0,2019-10-28 19:30:00,0.0,0,0,0
4744,60.0,60.0,2019-10-28 20:00:00,0.0,0,0,0
4745,60.0,60.0,2019-10-28 20:30:00,0.0,0,0,0
4746,60.0,60.0,2019-10-28 21:00:00,0.0,0,0,0
4747,15.0,15.0,2019-10-28 21:30:00,0.0,0,0,0
4748,15.0,15.0,2019-10-28 22:00:00,0.0,0,0,0
4749,15.0,15.0,2019-10-28 22:30:00,0.0,0,0,0
4750,15.0,15.0,2019-10-28 23:00:00,0.0,0,0,0
4751,15.0,15.0,2019-10-28 23:30:00,0.0,0,0,0
4752,15.0,15.0,2019-10-29 00:00:00,0.0,0,0,0
4753,15.0,15.0,2019-10-29 00:30:00,0.0,0,0,0
4754,15.0,15.0,2019-10-29 01:00:00,0.0,0,0,0
4755,15.0,15.0,2019-10-29 01:30:00,0.0,0,0,0
4756,15.0,15.0,2019-10-29 02:00:00,0.0,0,0,0
4757,15.0,15.0,2019-10-29 02:30:00,0.0,0,0,0
4758,15.0,15.0,2019-10-29 03:00:00,0.0,0,0,0
4759,15.0,15.0,2019-10-29 03:30:00,0.0,0,0,0
4760,15.0,15.0,2019-10-29 04:00:00,0.0,0,0,0
4761,15.0,15.0,2019-10-29 04:30:00,0.0,0,0,0
4762,15.0,15.0,2019-10-29 05:00:00,0.0,0,0,0
4763,-3.445163367953472,-3.3624958847877284,2019-10-29 05:30:00,-3.445163367953469,5,0,5
4764,15.0,15.0,2019-10-29 06:00:00,-23.534524269190428,34,0,34
4765,15.0,15.0,2019-10-29 06:30:00,-59.731734200400496,4,0,4
4766,15.0,15.0,2019-10-29 07:00:00,-60.0,208,159,150
4767,15.0,15.0,2019-10-29 07:30:00,-60.0,300,202,206
4768,15.0,15.0,2019-10-29 08:00:00,-55.15533259095422,300,78,256
4769,-60.0,-19.04000000000001,2019-10-29 08:30:00,-48.25120494391309,538,377,288
4770,-15.999999999999996,-13.170000000000035,2019-10-29 09:00:00,-41.25904082321136,363,45,328
4771,-7.000000000000002,-7.379999999999967,2019-10-29 09:30:00,-34.17137544921667,292,17,278
4772,-5.999999999999999,-6.919999999999957,2019-10-29 10:00:00,-26.98873050472148,273,15,260
4773,-7.999999999999998,-13.829999999999975,2019-10-29 10:30:00,-19.71985604497665,417,31,388
4774,-37.0,-50.64999999999999,2019-10-29 11:00:00,-12.381275314511962,823,375,462
4775,-21.0,-31.079999999999995,2019-10-29 11:30:00,-4.996033835156674,719,192,531
4776,-28.0,-36.96999999999999,2019-10-29 12:00:00,2.4083167195417223,904,431,479
4777,-11.000000000000002,-17.91,2019-10-29 12:30:00,9.80230670357432,620,110,513
4778,-25.000000000000004,-25.12000000000001,2019-10-29 13:00:00,17.157453978418314,963,822,188
4779,-1.9999999999999996,-1.7499999999999538,2019-10-29 13:30:00,24.448994446877485,247,13,236
4780,-7.000000000000002,-9.290000000000003,2019-10-29 14:00:00,31.658107101778786,627,227,435
4781,-3.999999999999999,-4.929999999999957,2019-10-29 14:30:00,38.77342576689267,735,588,278
4782,2.000000000000006,0.19999999999996465,2019-10-29 15:00:00,45.791748706705256,565,367,309
4783,0.0,3.109999999999964,2019-10-29 15:30:00,52.71801175515586,147,0,147
4784,11.999999999999998,13.690000000000039,2019-10-29 16:00:00,59.56464993066092,345,241,223
4785,22.000000000000004,21.32999999999997,2019-10-29 16:30:00,60.0,329,505,127
4786,29.000000000000004,25.32000000000001,2019-10-29 17:00:00,60.0,214,401,99
4787,32.62259721360941,28.988129436504998,2019-10-29 17:30:00,32.6225972136094,107,249,64
4788,41.0,38.24999999999997,2019-10-29 18:00:00,10.097864246776837,23,70,19
4789,60.0,60.0,2019-10-29 18:30:00,0.0,0,0,0
4790,60.0,60.0,2019-10-29 19:00:00,0.0,0,0,0
4791,60.0,60.0,2019-10-29 19:30:00,0.0,0,0,0
4792,60.0,60.0,2019-10-29 20:00:00,0.0,0,0,0
4793,60.0,60.0,2019-10-29 20:30:00,0.0,0,0,0
4794,60.0,60.0,2019-10-29 21:00:00,0.0,0,0,0
4795,15.0,15.0,2019-10-29 21:30:00,0.0,0,0,0
4796,15.0,15.0,2019-10-29 22:00:00,0.0,0,0,0
4797,15.0,15.0,2019-10-29 22:30:00,0.0,0,0,0
4798,15.0,15.0,2019-10-29 23:00:00,0.0,0,0,0
4799,15.0,15.0,2019-10-29 23:30:00,0.0,0,0,0
4800,15.0,15.0,2019-10-30 00:00:00,0.0,0,0,0
4801,15.0,15.0,2019-10-30 00:30:00,0.0,0,0,0
4802,15.0,15.0,2019-10-30 01:00:00,0.0,0,0,0
4803,15.0,15.0,2019-10-30 01:30:00,0.0,0,0,0
4804,15.0,15.0,2019-10-30 02:00:00,0.0,0,0,0
4805,15.0,15.0,2019-10-30 02:30:00,0.0,0,0,0
4806,15.0,15.0,2019-10-30 03:00:00,0.0,0,0,0
4807,15.0,15.0,2019-10-30 03:30:00,0.0,0,0,0
4808,15.0,15.0,2019-10-30 04:00:00,0.0,0,0,0
4809,15.0,15.0,2019-10-30 04:30:00,0.0,0,0,0
4810,15.0,15.0,2019-10-30 05:00:00,0.0,0,0,0
4811,-3.8427335531850715,-3.9573659511120773,2019-10-30 05:30:00,-3.84273355318507,8,33,7
4812,15.0,15.0,2019-10-30 06:00:00,-24.053868364928164,79,252,45
4813,15.0,15.0,2019-10-30 06:30:00,-60.0,184,432,76
4814,15.0,15.0,2019-10-30 07:00:00,-60.0,299,551,99
4815,15.0,15.0,2019-10-30 07:30:00,-60.0,418,640,116
4816,15.0,14.830000000000005,2019-10-30 08:00:00,-55.0303148861367,534,699,133
4817,-60.0,6.690000000000009,2019-10-30 08:30:00,-48.13615544783018,643,748,144
4818,-60.0,-41.92999999999999,2019-10-30 09:00:00,-41.155452087218826,750,815,139
4819,-60.0,-39.64999999999999,2019-10-30 09:30:00,-34.08073973815633,838,841,145
4820,-60.0,-57.34,2019-10-30 10:00:00,-26.91247832285858,911,854,155
4821,-60.0,-54.14,2019-10-30 10:30:00,-19.659273457284087,968,869,159
4822,-53.0,-54.94,2019-10-30 11:00:00,-12.337411293208753,1007,874,164
4823,-37.0,-46.79000000000001,2019-10-30 11:30:00,-4.969612337004595,981,561,430
4824,-24.0,-33.30000000000001,2019-10-30 12:00:00,2.4169638299001948,811,303,512
4825,-26.0,-28.31,2019-10-30 12:30:00,9.793270296019172,966,555,426
4826,-17.0,-18.98,2019-10-30 13:00:00,17.13124017562071,800,362,458
4827,-15.999999999999996,-17.610000000000046,2019-10-30 13:30:00,24.40647726499758,883,570,368
4828,-9.999999999999998,-11.720000000000068,2019-10-30 14:00:00,31.60045236406719,808,558,336
4829,-3.999999999999999,-4.989999999999957,2019-10-30 14:30:00,38.7020022528304,757,651,251
4830,2.000000000000006,1.6699999999999493,2019-10-30 15:00:00,45.708041865195,651,613,223
4831,8.999999999999995,9.05000000000007,2019-10-30 15:30:00,52.62355284817138,563,669,157
4832,15.999999999999996,15.409999999999956,2019-10-30 16:00:00,59.46096974631555,448,596,145
4833,22.000000000000004,21.299999999999972,2019-10-30 16:30:00,60.0,331,513,125
4834,29.000000000000004,24.669999999999973,2019-10-30 17:00:00,60.0,218,427,94
4835,33.13261233898736,27.616358278927734,2019-10-30 17:30:00,33.13261233898736,110,272,62
4836,42.0,37.49999999999995,2019-10-30 18:00:00,10.456269748999375,26,93,21
4837,60.0,60.0,2019-10-30 18:30:00,0.0,0,0,0
4838,60.0,60.0,2019-10-30 19:00:00,0.0,0,0,0
4839,60.0,60.0,2019-10-30 19:30:00,0.0,0,0,0
4840,60.0,60.0,2019-10-30 20:00:00,0.0,0,0,0
4841,60.0,60.0,2019-10-30 20:30:00,0.0,0,0,0
4842,60.0,60.0,2019-10-30 21:00:00,0.0,0,0,0
4843,15.0,15.0,2019-10-30 21:30:00,0.0,0,0,0
4844,15.0,15.0,2019-10-30 22:00:00,0.0,0,0,0
4845,15.0,15.0,2019-10-30 22:30:00,0.0,0,0,0
4846,15.0,15.0,2019-10-30 23:00:00,0.0,0,0,0
4847,15.0,15.0,2019-10-30 23:30:00,0.0,0,0,0
4848,15.0,15.0,2019-10-31 00:00:00,0.0,0,0,0
4849,15.0,15.0,2019-10-31 00:30:00,0.0,0,0,0
4850,15.0,15.0,2019-10-31 01:00:00,0.0,0,0,0
4851,15.0,15.0,2019-10-31 01:30:00,0.0,0,0,0
4852,15.0,15.0,2019-10-31 02:00:00,0.0,0,0,0
4853,15.0,15.0,2019-10-31 02:30:00,0.0,0,0,0
4854,15.0,15.0,2019-10-31 03:00:00,0.0,0,0,0
4855,15.0,15.0,2019-10-31 03:30:00,0.0,0,0,0
4856,15.0,15.0,2019-10-31 04:00:00,0.0,0,0,0
4857,15.0,15.0,2019-10-31 04:30:00,0.0,0,0,0
4858,15.0,15.0,2019-10-31 05:00:00,0.0,0,0,0
4859,-4.232823456583675,-4.337706555952741,2019-10-31 05:30:00,-4.232823456583674,11,66,10
4860,15.0,15.0,2019-10-31 06:00:00,-24.563734122896392,88,337,42
4861,15.0,15.0,2019-10-31 06:30:00,-60.0,197,521,66
4862,15.0,15.0,2019-10-31 07:00:00,-60.0,315,634,84
4863,15.0,15.0,2019-10-31 07:30:00,-60.0,435,715,97
4864,15.0,14.079999999999995,2019-10-31 08:00:00,-54.90946618085836,522,636,157
4865,-60.0,-17.840000000000007,2019-10-31 08:30:00,-48.02525088940517,548,393,285
4866,-21.0,-20.890000000000025,2019-10-31 09:00:00,-41.0559587309656,401,67,351
4867,-52.0,-35.75000000000001,2019-10-31 09:30:00,-33.99411996700747,675,338,396
4868,-48.0,-43.349999999999994,2019-10-31 10:00:00,-26.84012951607044,750,377,416
4869,-39.0,-36.38000000000002,2019-10-31 10:30:00,-19.60244737164465,778,331,470
4870,-22.000000000000004,-26.089999999999996,2019-10-31 11:00:00,-12.297124190515849,673,159,519
4871,-15.0,-25.779999999999973,2019-10-31 11:30:00,-4.9465601624414175,636,115,522
4872,-14.000000000000004,-25.659999999999965,2019-10-31 12:00:00,2.42246970635985,655,129,528
4873,-19.999999999999996,-22.889999999999997,2019-10-31 12:30:00,9.781331486895368,813,321,500
4874,-19.0,-19.270000000000003,2019-10-31 13:00:00,17.102362950286153,826,411,438
4875,-13.0,-15.410000000000009,2019-10-31 13:30:00,24.361525466874102,773,392,419
4876,-7.000000000000002,-9.31,2019-10-31 14:00:00,31.540572656306505,647,253,432
4877,-3.0000000000000027,-5.379999999999974,2019-10-31 14:30:00,38.62853722964206,569,229,391
4878,2.000000000000006,-1.6400000000000459,2019-10-31 15:00:00,45.62244587810808,549,327,321
4879,7.999999999999998,7.8700000000000925,2019-10-31 15:30:00,52.5273230307834,504,433,241
4880,15.999999999999996,15.409999999999956,2019-10-31 16:00:00,59.35560115983535,457,642,130
4881,23.0,21.24999999999994,2019-10-31 16:30:00,60.0,339,561,113
4882,29.000000000000004,24.129999999999953,2019-10-31 17:00:00,60.0,222,452,90
4883,33.0,27.33010157730357,2019-10-31 17:30:00,33.65615451370035,94,164,65
4884,42.0,37.259999999999934,2019-10-31 18:00:00,10.821125985567562,27,95,21
4885,60.0,60.0,2019-10-31 18:30:00,0.0,0,0,0
4886,60.0,60.0,2019-10-31 19:00:00,0.0,0,0,0
4887,60.0,60.0,2019-10-31 19:30:00,0.0,0,0,0
4888,60.0,60.0,2019-10-31 20:00:00,0.0,0,0,0
4889,60.0,60.0,2019-10-31 20:30:00,0.0,0,0,0
4890,60.0,60.0,2019-10-31 21:00:00,0.0,0,0,0
4891,15.0,15.0,2019-10-31 21:30:00,0.0,0,0,0
4892,15.0,15.0,2019-10-31 22:00:00,0.0,0,0,0
4893,15.0,15.0,2019-10-31 22:30:00,0.0,0,0,0
4894,15.0,15.0,2019-10-31 23:00:00,0.0,0,0,0
4895,15.0,15.0,2019-10-31 23:30:00,0.0,0,0,0
4896,15.0,15.0,2019-11-01 00:00:00,0.0,0,0,0
4897,15.0,15.0,2019-11-01 00:30:00,0.0,0,0,0
4898,15.0,15.0,2019-11-01 01:00:00,0.0,0,0,0
4899,15.0,15.0,2019-11-01 01:30:00,0.0,0,0,0
4900,15.0,15.0,2019-11-01 02:00:00,0.0,0,0,0
4901,15.0,15.0,2019-11-01 02:30:00,0.0,0,0,0
4902,15.0,15.0,2019-11-01 03:00:00,0.0,0,0,0
4903,15.0,15.0,2019-11-01 03:30:00,0.0,0,0,0
4904,15.0,15.0,2019-11-01 04:00:00,0.0,0,0,0
4905,15.0,15.0,2019-11-01 04:30:00,0.0,0,0,0
4906,15.0,15.0,2019-11-01 05:00:00,0.0,0,0,0
4907,-4.614879737196023,-4.281676660411757,2019-11-01 05:30:00,-4.61487973719602,9,23,8
4908,15.0,15.0,2019-11-01 06:00:00,-25.0636466838952,66,112,50
4909,15.0,15.0,2019-11-01 06:30:00,-60.0,183,359,92
4910,15.0,15.0,2019-11-01 07:00:00,-60.0,298,485,120
4911,15.0,15.0,2019-11-01 07:30:00,-60.0,415,573,142
4912,15.0,13.329999999999998,2019-11-01 08:00:00,-54.79283550060636,530,644,159
4913,-60.0,6.160000000000001,2019-11-01 08:30:00,-47.9185338354724,639,695,173
4914,-48.0,-23.980000000000036,2019-11-01 09:00:00,-40.96059685528645,543,223,375
4915,-11.999999999999998,-14.22000000000002,2019-11-01 09:30:00,-33.911545884770604,387,38,355
4916,-15.0,-21.380000000000003,2019-11-01 10:00:00,-26.771707737206835,483,64,427
4917,-15.0,-19.389999999999997,2019-11-01 10:30:00,-19.54939573772092,530,72,463
4918,-23.0,-25.560000000000016,2019-11-01 11:00:00,-12.26042674592145,682,167,520
4919,-18.000000000000004,-25.149999999999988,2019-11-01 11:30:00,-4.92688538394636,669,142,530
4920,-39.0,-37.0,2019-11-01 12:00:00,2.424830427583037,1031,869,174
4921,-32.0,-28.430000000000014,2019-11-01 12:30:00,9.766490071207553,1015,865,173
4922,-25.000000000000004,-24.83,2019-11-01 13:00:00,17.0708255015965,982,854,174
4923,-19.0,-21.25000000000004,2019-11-01 13:30:00,24.314145469543103,931,841,170
4924,-11.999999999999998,-12.360000000000058,2019-11-01 14:00:00,31.47847753082132,862,817,168
4925,-5.000000000000003,-5.209999999999959,2019-11-01 14:30:00,38.55304336583753,779,792,161
4926,0.9999999999999964,-1.070000000000042,2019-11-01 15:00:00,45.53497652273289,497,222,341
4927,8.999999999999995,8.020000000000037,2019-11-01 15:30:00,52.4293411522457,577,709,145
4928,8.999999999999995,12.040000000000047,2019-11-01 16:00:00,59.24856598708151,295,125,231
4929,15.999999999999996,16.61999999999993,2019-11-01 16:30:00,60.0,234,150,174
4930,29.000000000000004,24.46999999999997,2019-11-01 17:00:00,60.0,224,429,99
4931,34.19367073246769,27.420860321461355,2019-11-01 17:30:00,34.19367073246769,115,276,66
4932,41.0,37.359999999999964,2019-11-01 18:00:00,11.192419338858612,28,77,23
4933,60.0,60.0,2019-11-01 18:30:00,0.0,0,0,0
4934,60.0,60.0,2019-11-01 19:00:00,0.0,0,0,0
4935,60.0,60.0,2019-11-01 19:30:00,0.0,0,0,0
4936,60.0,60.0,2019-11-01 20:00:00,0.0,0,0,0
4937,60.0,60.0,2019-11-01 20:30:00,0.0,0,0,0
4938,60.0,60.0,2019-11-01 21:00:00,0.0,0,0,0
4939,15.0,15.0,2019-11-01 21:30:00,0.0,0,0,0
4940,15.0,15.0,2019-11-01 22:00:00,0.0,0,0,0
4941,15.0,15.0,2019-11-01 22:30:00,0.0,0,0,0
4942,15.0,15.0,2019-11-01 23:00:00,0.0,0,0,0
4943,15.0,15.0,2019-11-01 23:30:00,0.0,0,0,0
4944,15.0,15.0,2019-11-02 00:00:00,0.0,0,0,0
4945,15.0,15.0,2019-11-02 00:30:00,0.0,0,0,0
4946,15.0,15.0,2019-11-02 01:00:00,0.0,0,0,0
4947,15.0,15.0,2019-11-02 01:30:00,0.0,0,0,0
4948,15.0,15.0,2019-11-02 02:00:00,0.0,0,0,0
4949,15.0,15.0,2019-11-02 02:30:00,0.0,0,0,0
4950,15.0,15.0,2019-11-02 03:00:00,0.0,0,0,0
4951,15.0,15.0,2019-11-02 03:30:00,0.0,0,0,0
4952,15.0,15.0,2019-11-02 04:00:00,0.0,0,0,0
4953,15.0,15.0,2019-11-02 04:30:00,0.0,0,0,0
4954,15.0,15.0,2019-11-02 05:00:00,0.0,0,0,0
4955,-4.988366816241639,-4.94300759101759,2019-11-02 05:30:00,-4.988366816241637,13,59,11
4956,15.0,15.0,2019-11-02 06:00:00,-25.553107956382,90,302,48
4957,15.0,15.0,2019-11-02 06:30:00,-60.0,198,482,74
4958,15.0,15.0,2019-11-02 07:00:00,-60.0,320,625,90
4959,15.0,15.0,2019-11-02 07:30:00,-60.0,441,708,104
4960,15.0,12.780000000000019,2019-11-02 08:00:00,-54.68047294301799,563,788,108
4961,-60.0,3.860000000000001,2019-11-02 08:30:00,-47.81604792249388,675,831,116
4962,-60.0,-41.97999999999999,2019-11-02 09:00:00,-40.86940364723808,777,870,120
4963,-60.0,-39.72999999999999,2019-11-02 09:30:00,-33.83304835824295,866,894,125
4964,-60.0,-49.75000000000001,2019-11-02 10:00:00,-26.70723779652535,940,912,130
4965,-60.0,-54.900000000000006,2019-11-02 10:30:00,-19.500137700705736,997,925,133
4966,-53.0,-54.78,2019-11-02 11:00:00,-12.227332926839631,1034,928,136
4967,-47.0,-49.27000000000001,2019-11-02 11:30:00,-4.910597317455359,1057,933,138
4968,-40.0,-36.559999999999995,2019-11-02 12:00:00,2.4240408338681,1057,926,143
4969,-33.0,-28.48000000000003,2019-11-02 12:30:00,9.748744632361891,1040,921,142
4970,-26.0,-24.310000000000027,2019-11-02 13:00:00,17.036629865559696,1002,899,150
4971,-19.0,-22.450000000000067,2019-11-02 13:30:00,24.264342592777325,951,887,148
4972,-11.999999999999998,-13.08000000000004,2019-11-02 14:00:00,31.41417552408808,876,851,153
4973,-5.000000000000003,-5.2799999999999585,2019-11-02 14:30:00,38.47553240576646,793,826,147
4974,2.000000000000006,-3.240000000000043,2019-11-02 15:00:00,45.445648755020855,693,779,147
4975,8.999999999999995,8.250000000000037,2019-11-02 15:30:00,52.32962535128885,586,735,137
4976,15.999999999999996,15.409999999999956,2019-11-02 16:00:00,59.13988545108995,469,666,128
4977,23.0,21.279999999999934,2019-11-02 16:30:00,60.0,350,584,113
4978,29.000000000000004,24.229999999999958,2019-11-02 17:00:00,60.0,230,456,95
4979,34.74565176752019,27.910308310454436,2019-11-02 17:30:00,34.74565176752018,120,297,66
4980,39.99999999999999,37.49999999999995,2019-11-02 18:00:00,11.57013980766179,30,75,25
4981,60.0,60.0,2019-11-02 18:30:00,0.0,0,0,0
4982,60.0,60.0,2019-11-02 19:00:00,0.0,0,0,0
4983,60.0,60.0,2019-11-02 19:30:00,0.0,0,0,0
4984,60.0,60.0,2019-11-02 20:00:00,0.0,0,0,0
4985,60.0,60.0,2019-11-02 20:30:00,0.0,0,0,0
4986,60.0,60.0,2019-11-02 21:00:00,0.0,0,0,0
4987,15.0,15.0,2019-11-02 21:30:00,0.0,0,0,0
4988,15.0,15.0,2019-11-02 22:00:00,0.0,0,0,0
4989,15.0,15.0,2019-11-02 22:30:00,0.0,0,0,0
4990,15.0,15.0,2019-11-02 23:00:00,0.0,0,0,0
4991,15.0,15.0,2019-11-02 23:30:00,0.0,0,0,0
4992,15.0,15.0,2019-11-03 00:00:00,0.0,0,0,0
4993,15.0,15.0,2019-11-03 00:30:00,0.0,0,0,0
4994,15.0,15.0,2019-11-03 01:00:00,0.0,0,0,0
4995,15.0,15.0,2019-11-03 01:30:00,0.0,0,0,0
4996,15.0,15.0,2019-11-03 02:00:00,0.0,0,0,0
4997,15.0,15.0,2019-11-03 02:30:00,0.0,0,0,0
4998,15.0,15.0,2019-11-03 03:00:00,0.0,0,0,0
4999,15.0,15.0,2019-11-03 03:30:00,0.0,0,0,0
5000,15.0,15.0,2019-11-03 04:00:00,0.0,0,0,0
5001,15.0,15.0,2019-11-03 04:30:00,0.0,0,0,0
5002,15.0,15.0,2019-11-03 05:00:00,0.0,0,0,0
5003,-5.352768181053165,-5.459708137464165,2019-11-03 05:30:00,-5.352768181053165,14,60,12
5004,15.0,15.0,2019-11-03 06:00:00,-26.031597373112845,94,324,48
5005,15.0,15.0,2019-11-03 06:30:00,-60.0,205,507,74
5006,15.0,15.0,2019-11-03 07:00:00,-60.0,328,648,88
5007,15.0,15.0,2019-11-03 07:30:00,-60.0,451,730,102
5008,15.0,13.990000000000032,2019-11-03 08:00:00,-54.5724294478792,570,795,110
5009,-60.0,3.110000000000004,2019-11-03 08:30:00,-47.717837640903845,682,838,118
5010,-60.0,-41.97999999999999,2019-11-03 09:00:00,-40.782417181992194,782,873,122
5011,-60.0,-39.72999999999999,2019-11-03 09:30:00,-33.75865919077176,871,897,127
5012,-60.0,-44.449999999999996,2019-11-03 10:00:00,-26.646745498361664,944,910,134
5013,-60.0,-54.81,2019-11-03 10:30:00,-19.454693458791407,999,921,137
5014,-53.0,-54.75,2019-11-03 11:00:00,-12.197857804135744,1038,926,142
5015,-46.0,-49.16000000000001,2019-11-03 11:30:00,-4.89770641847265,1058,929,143
5016,-33.0,-37.059999999999995,2019-11-03 12:00:00,2.420094610061832,1008,611,404
5017,-24.0,-25.58999999999998,2019-11-03 12:30:00,9.728092604208058,929,465,476
5018,-21.0,-24.030000000000026,2019-11-03 13:00:00,16.999776954937293,957,613,376
5019,-14.000000000000004,-16.87000000000004,2019-11-03 13:30:00,24.212121081646195,851,489,407
5020,-7.999999999999998,-10.220000000000013,2019-11-03 14:00:00,31.347674161767856,686,310,422
5021,-3.0000000000000027,-4.379999999999984,2019-11-03 14:30:00,38.39601516108782,649,366,363
5022,2.000000000000006,-1.050000000000051,2019-11-03 15:00:00,45.35447668790805,545,308,329
5023,3.999999999999999,3.969999999999989,2019-11-03 15:30:00,52.22819302435367,329,80,280
5024,11.000000000000002,13.490000000000046,2019-11-03 16:00:00,59.0295801426699,340,211,231
5025,23.0,21.35999999999994,2019-11-03 16:30:00,60.0,359,644,96
5026,29.000000000000004,24.419999999999987,2019-11-03 17:00:00,60.0,216,402,96
5027,31.999999999999993,27.376482746397453,2019-11-03 17:30:00,35.312637409066895,94,145,68
5028,11.999999999999998,38.24999999999997,2019-11-03 18:00:00,11.95428135519721,24,4,24
5029,60.0,60.0,2019-11-03 18:30:00,0.0,0,0,0
5030,60.0,60.0,2019-11-03 19:00:00,0.0,0,0,0
5031,60.0,60.0,2019-11-03 19:30:00,0.0,0,0,0
5032,60.0,60.0,2019-11-03 20:00:00,0.0,0,0,0
5033,60.0,60.0,2019-11-03 20:30:00,0.0,0,0,0
5034,60.0,60.0,2019-11-03 21:00:00,0.0,0,0,0
5035,15.0,15.0,2019-11-03 21:30:00,0.0,0,0,0
5036,15.0,15.0,2019-11-03 22:00:00,0.0,0,0,0
5037,15.0,15.0,2019-11-03 22:30:00,0.0,0,0,0
5038,15.0,15.0,2019-11-03 23:00:00,0.0,0,0,0
5039,15.0,15.0,2019-11-03 23:30:00,0.0,0,0,0
5040,15.0,15.0,2019-11-04 00:00:00,0.0,0,0,0
5041,15.0,15.0,2019-11-04 00:30:00,0.0,0,0,0
5042,15.0,15.0,2019-11-04 01:00:00,0.0,0,0,0
5043,15.0,15.0,2019-11-04 01:30:00,0.0,0,0,0
5044,15.0,15.0,2019-11-04 02:00:00,0.0,0,0,0
5045,15.0,15.0,2019-11-04 02:30:00,0.0,0,0,0
5046,15.0,15.0,2019-11-04 03:00:00,0.0,0,0,0
5047,15.0,15.0,2019-11-04 03:30:00,0.0,0,0,0
5048,15.0,15.0,2019-11-04 04:00:00,0.0,0,0,0
5049,15.0,15.0,2019-11-04 04:30:00,0.0,0,0,0
5050,15.0,15.0,2019-11-04 05:00:00,0.0,0,0,0
5051,-5.707586946179857,-5.620018174646629,2019-11-04 05:30:00,-5.707586946179859,12,0,12
5052,15.0,15.0,2019-11-04 06:00:00,-26.49857371148197,41,0,41
5053,15.0,15.0,2019-11-04 06:30:00,-60.0,179,359,86
5054,15.0,15.0,2019-11-04 07:00:00,-60.0,176,64,152
5055,15.0,15.0,2019-11-04 07:30:00,-60.0,391,467,167
5056,15.0,12.709999999999999,2019-11-04 08:00:00,-54.46875632868648,440,322,253
5057,-60.0,8.320000000000004,2019-11-04 08:30:00,-47.62394787145612,607,563,228
5058,-60.0,-41.92999999999999,2019-11-04 09:00:00,-40.699675959149786,751,782,159
5059,-60.0,-39.75999999999999,2019-11-04 09:30:00,-33.6884106624369,837,809,166
5060,-60.0,-40.00999999999999,2019-11-04 10:00:00,-26.590257184808056,907,817,180
5061,-46.0,-51.36999999999999,2019-11-04 10:30:00,-19.413083811206,900,506,427
5062,-30.0,-33.59000000000002,2019-11-04 11:00:00,-12.172017105775575,776,274,511
5063,-32.0,-46.58000000000001,2019-11-04 11:30:00,-4.888223841896068,861,395,472
5064,-30.0,-36.67,2019-11-04 12:00:00,2.4129847158844764,974,513,466
5065,-19.0,-22.429999999999982,2019-11-04 12:30:00,9.704530692496604,799,296,510
5066,-19.999999999999996,-23.51999999999999,2019-11-04 13:00:00,16.960266973432546,939,555,412
5067,-18.000000000000004,-18.95000000000006,2019-11-04 13:30:00,24.15748450739237,916,779,209
5068,-11.000000000000002,-12.34000000000006,2019-11-04 14:00:00,31.27898034883507,851,768,197
5069,-5.000000000000003,-5.109999999999964,2019-11-04 14:30:00,38.31450189086438,771,743,189
5070,2.000000000000006,0.18999999999995243,2019-11-04 15:00:00,45.26147396222037,673,691,187
5071,8.999999999999995,8.060000000000045,2019-11-04 15:30:00,52.12506118727999,569,644,174
5072,0.0,0.6299999999999839,2019-11-04 16:00:00,58.91767037849995,20,0,20
5073,0.0,2.229999999999994,2019-11-04 16:30:00,60.0,106,0,106
5074,28.000000000000007,24.410000000000004,2019-11-04 17:00:00,60.0,226,408,104
5075,35.00000000000001,28.55469139897226,2019-11-04 17:30:00,35.89522067780398,118,261,70
5076,39.99999999999999,38.24999999999997,2019-11-04 18:00:00,12.344841059127203,31,85,25
5077,60.0,60.0,2019-11-04 18:30:00,0.0,0,0,0
5078,60.0,60.0,2019-11-04 19:00:00,0.0,0,0,0
5079,60.0,60.0,2019-11-04 19:30:00,0.0,0,0,0
5080,60.0,60.0,2019-11-04 20:00:00,0.0,0,0,0
5081,60.0,60.0,2019-11-04 20:30:00,0.0,0,0,0
5082,60.0,60.0,2019-11-04 21:00:00,0.0,0,0,0
5083,15.0,15.0,2019-11-04 21:30:00,0.0,0,0,0
5084,15.0,15.0,2019-11-04 22:00:00,0.0,0,0,0
5085,15.0,15.0,2019-11-04 22:30:00,0.0,0,0,0
5086,15.0,15.0,2019-11-04 23:00:00,0.0,0,0,0
5087,15.0,15.0,2019-11-04 23:30:00,0.0,0,0,0
5088,15.0,15.0,2019-11-05 00:00:00,0.0,0,0,0
5089,15.0,15.0,2019-11-05 00:30:00,0.0,0,0,0
5090,15.0,15.0,2019-11-05 01:00:00,0.0,0,0,0
5091,15.0,15.0,2019-11-05 01:30:00,0.0,0,0,0
5092,15.0,15.0,2019-11-05 02:00:00,0.0,0,0,0
5093,15.0,15.0,2019-11-05 02:30:00,0.0,0,0,0
5094,15.0,15.0,2019-11-05 03:00:00,0.0,0,0,0
5095,15.0,15.0,2019-11-05 03:30:00,0.0,0,0,0
5096,15.0,15.0,2019-11-05 04:00:00,0.0,0,0,0
5097,15.0,15.0,2019-11-05 04:30:00,0.0,0,0,0
5098,15.0,15.0,2019-11-05 05:00:00,0.0,0,0,0
5099,-6.052345953740668,-6.015431020850135,2019-11-05 05:30:00,-6.052345953740669,9,0,9
5100,15.0,15.0,2019-11-05 06:00:00,-26.95347749568119,54,17,52
5101,15.0,15.0,2019-11-05 06:30:00,-60.0,72,0,72
5102,15.0,15.0,2019-11-05 07:00:00,-60.0,243,247,151
5103,15.0,15.0,2019-11-05 07:30:00,-60.0,291,156,216
5104,15.0,15.0,2019-11-05 08:00:00,-54.36950470181425,30,0,30
5105,-7.999999999999998,14.04,2019-11-05 08:30:00,-47.53442331201339,249,17,238
5106,-37.0,-27.300000000000036,2019-11-05 09:00:00,-40.62121832974692,499,153,383
5107,-38.0,-32.85000000000001,2019-11-05 09:30:00,-33.622334951694555,597,202,429
5108,-40.0,-35.34999999999999,2019-11-05 10:00:00,-26.537799153036875,707,282,456
5109,-30.0,-31.839999999999996,2019-11-05 10:30:00,-19.375329567551688,697,210,501
5110,-32.0,-42.68,2019-11-05 11:00:00,-12.149826620639674,800,306,503
5111,-26.0,-36.470000000000006,2019-11-05 11:30:00,-4.882160841765824,789,267,526
5112,-24.0,-34.06999999999999,2019-11-05 12:00:00,2.4027039928736142,821,308,516
5113,-15.999999999999996,-20.279999999999966,2019-11-05 12:30:00,9.6780554822694,739,216,528
5114,-9.999999999999998,-15.19999999999997,2019-11-05 13:00:00,16.918100018753478,636,135,507
5115,-7.000000000000002,-12.989999999999988,2019-11-05 13:30:00,24.10043636835105,600,133,479
5116,-1.9999999999999996,-3.8499999999999357,2019-11-05 14:00:00,31.208100965217767,378,31,352
5117,-1.9999999999999996,-5.520000000000045,2019-11-05 14:30:00,38.23100288890776,501,132,398
5118,0.9999999999999964,-0.8799999999999897,2019-11-05 15:00:00,45.16665432808893,339,46,307
5119,0.9999999999999964,3.799999999999941,2019-11-05 15:30:00,52.02024705397342,180,5,177
5120,3.999999999999999,6.199999999999957,2019-11-05 16:00:00,58.80417677317417,214,27,200
5121,0.0,3.1300000000000017,2019-11-05 16:30:00,60.0,45,0,45
5122,0.0,9.236505759349356,2019-11-05 17:00:00,60.0,82,0,82
5123,0.0,35.84999999999996,2019-11-05 17:30:00,36.494051859347294,49,0,49
5124,0.0,38.31999999999995,2019-11-05 18:00:00,12.741817614946129,14,0,14
5125,60.0,60.0,2019-11-05 18:30:00,0.0,0,0,0
5126,60.0,60.0,2019-11-05 19:00:00,0.0,0,0,0
5127,60.0,60.0,2019-11-05 19:30:00,0.0,0,0,0
5128,60.0,60.0,2019-11-05 20:00:00,0.0,0,0,0
5129,60.0,60.0,2019-11-05 20:30:00,0.0,0,0,0
5130,60.0,60.0,2019-11-05 21:00:00,0.0,0,0,0
5131,15.0,15.0,2019-11-05 21:30:00,0.0,0,0,0
5132,15.0,15.0,2019-11-05 22:00:00,0.0,0,0,0
5133,15.0,15.0,2019-11-05 22:30:00,0.0,0,0,0
5134,15.0,15.0,2019-11-05 23:00:00,0.0,0,0,0
5135,15.0,15.0,2019-11-05 23:30:00,0.0,0,0,0
5136,15.0,15.0,2019-11-06 00:00:00,0.0,0,0,0
5137,15.0,15.0,2019-11-06 00:30:00,0.0,0,0,0
5138,15.0,15.0,2019-11-06 01:00:00,0.0,0,0,0
5139,15.0,15.0,2019-11-06 01:30:00,0.0,0,0,0
5140,15.0,15.0,2019-11-06 02:00:00,0.0,0,0,0
5141,15.0,15.0,2019-11-06 02:30:00,0.0,0,0,0
5142,15.0,15.0,2019-11-06 03:00:00,0.0,0,0,0
5143,15.0,15.0,2019-11-06 03:30:00,0.0,0,0,0
5144,15.0,15.0,2019-11-06 04:00:00,0.0,0,0,0
5145,15.0,15.0,2019-11-06 04:30:00,0.0,0,0,0
5146,15.0,15.0,2019-11-06 05:00:00,0.0,0,0,0
5147,-6.386587604798635,-6.219244687882857,2019-11-06 05:30:00,-6.386587604798635,5,0,5
5148,15.0,15.0,2019-11-06 06:00:00,-27.39573370927215,5,0,5
5149,15.0,15.0,2019-11-06 06:30:00,-60.0,7,0,7
5150,15.0,15.0,2019-11-06 07:00:00,-60.0,5,0,5
5151,15.0,15.0,2019-11-06 07:30:00,-60.0,277,127,216
5152,15.0,15.0,2019-11-06 08:00:00,-54.274724913241,225,19,214
5153,-21.0,10.909999999999998,2019-11-06 08:30:00,-47.449307899879344,340,57,302
5154,-7.000000000000002,-6.59999999999996,2019-11-06 09:00:00,-40.54708190977091,255,14,245
5155,-5.999999999999999,-5.8899999999999375,2019-11-06 09:30:00,-33.56046354058769,237,12,227
5156,-11.000000000000002,-18.859999999999996,2019-11-06 10:00:00,-26.489397048585445,431,40,395
5157,-7.999999999999998,-15.93999999999999,2019-11-06 10:30:00,-19.341450934450386,415,30,387
5158,-19.0,-25.49000000000001,2019-11-06 11:00:00,-12.13130157662316,649,133,520
5159,-5.000000000000003,-7.519999999999971,2019-11-06 11:30:00,-4.879528142126438,391,23,369
5160,-3.999999999999999,-4.469999999999968,2019-11-06 12:00:00,2.3892457939277074,254,14,240
5161,-3.999999999999999,-3.4499999999999464,2019-11-06 12:30:00,9.648664068248566,272,15,257
5162,0.0,-0.039999999999995595,2019-11-06 13:00:00,16.87327671529137,117,0,117
5163,-1.9999999999999996,-1.7399999999999416,2019-11-06 13:30:00,24.040980720032028,248,13,236
5164,-1.000000000000003,-1.499999999999948,2019-11-06 14:00:00,31.135043491957088,255,13,244
5165,0.0,-0.9999999999999498,2019-11-06 14:30:00,38.145529109186256,229,11,221
5166,0.0,-0.10999999999999455,2019-11-06 15:00:00,45.07003226503536,137,0,137
5167,0.0,0.6000000000000005,2019-11-06 15:30:00,51.91376864885586,94,0,94
5168,0.0,0.0,2019-11-06 16:00:00,58.68912084885802,73,0,73
5169,0.0,4.290000000000007,2019-11-06 16:30:00,60.0,51,0,51
5170,3.999999999999999,13.564793495614813,2019-11-06 17:00:00,60.0,110,8,107
5171,0.0,34.85999999999994,2019-11-06 17:30:00,37.10984324479235,17,0,17
5172,0.0,37.51999999999992,2019-11-06 18:00:00,13.14520968910891,12,0,12
5173,60.0,60.0,2019-11-06 18:30:00,0.0,0,0,0
5174,60.0,60.0,2019-11-06 19:00:00,0.0,0,0,0
5175,60.0,60.0,2019-11-06 19:30:00,0.0,0,0,0
5176,60.0,60.0,2019-11-06 20:00:00,0.0,0,0,0
5177,60.0,60.0,2019-11-06 20:30:00,0.0,0,0,0
5178,60.0,60.0,2019-11-06 21:00:00,0.0,0,0,0
5179,15.0,15.0,2019-11-06 21:30:00,0.0,0,0,0
5180,15.0,15.0,2019-11-06 22:00:00,0.0,0,0,0
5181,15.0,15.0,2019-11-06 22:30:00,0.0,0,0,0
5182,15.0,15.0,2019-11-06 23:00:00,0.0,0,0,0
5183,15.0,15.0,2019-11-06 23:30:00,0.0,0,0,0
5184,15.0,15.0,2019-11-07 00:00:00,0.0,0,0,0
5185,15.0,15.0,2019-11-07 00:30:00,0.0,0,0,0
5186,15.0,15.0,2019-11-07 01:00:00,0.0,0,0,0
5187,15.0,15.0,2019-11-07 01:30:00,0.0,0,0,0
5188,15.0,15.0,2019-11-07 02:00:00,0.0,0,0,0
5189,15.0,15.0,2019-11-07 02:30:00,0.0,0,0,0
5190,15.0,15.0,2019-11-07 03:00:00,0.0,0,0,0
5191,15.0,15.0,2019-11-07 03:30:00,0.0,0,0,0
5192,15.0,15.0,2019-11-07 04:00:00,0.0,0,0,0
5193,15.0,15.0,2019-11-07 04:30:00,0.0,0,0,0
5194,15.0,15.0,2019-11-07 05:00:00,0.0,0,0,0
5195,-6.709873530748109,-6.537372589178776,2019-11-07 05:30:00,-6.709873530748112,10,0,10
5196,15.0,15.0,2019-11-07 06:00:00,-27.824754643757856,39,0,39
5197,15.0,15.0,2019-11-07 06:30:00,-60.0,134,109,105
5198,15.0,15.0,2019-11-07 07:00:00,-60.0,136,9,133
5199,15.0,15.0,2019-11-07 07:30:00,-60.0,245,73,209
5200,15.0,14.490000000000004,2019-11-07 08:00:00,-54.18446602362561,244,27,228
5201,-14.000000000000004,13.050000000000002,2019-11-07 08:30:00,-47.36864429467449,300,34,278
5202,-11.999999999999998,-13.310000000000027,2019-11-07 09:00:00,-40.47730305901203,336,32,312
5203,-48.0,-35.51,2019-11-07 09:30:00,-33.5028266881559,664,302,413
5204,-19.999999999999996,-19.96,2019-11-07 10:00:00,-26.445075334349408,546,99,457
5205,-5.999999999999999,-7.509999999999966,2019-11-07 10:30:00,-19.31146697644078,296,16,281
5206,-5.999999999999999,-6.609999999999938,2019-11-07 11:00:00,-12.116456095901396,322,18,304
5207,-3.0000000000000027,-3.5399999999999765,2019-11-07 11:30:00,-4.880335388046442,155,5,150
5208,-5.000000000000003,-8.89000000000002,2019-11-07 12:00:00,2.372604536954086,436,29,408
5209,-3.999999999999999,-4.729999999999919,2019-11-07 12:30:00,9.6163546113846,357,20,337
5210,-1.9999999999999996,-1.8899999999999517,2019-11-07 13:00:00,16.825798766112843,163,6,157
5211,-1.9999999999999996,-1.7799999999999505,2019-11-07 13:30:00,23.979122723178115,227,12,216
5212,-1.9999999999999996,-3.399999999999932,2019-11-07 14:00:00,31.059816553724858,357,26,335
5213,-1.000000000000003,-1.3899999999999535,2019-11-07 14:30:00,38.05809269749626,291,18,277
5214,0.0,0.0,2019-11-07 15:00:00,44.97162350502287,103,0,103
5215,0.0,0.909999999999993,2019-11-07 15:30:00,51.80564532531207,89,0,89
5216,0.0,0.0,2019-11-07 16:00:00,58.5725255472473,30,0,30
5217,7.000000000000002,7.109999999999936,2019-11-07 16:30:00,60.0,172,29,160
5218,15.0,15.860000000000065,2019-11-07 17:00:00,60.0,134,49,119
5219,0.0,35.159999999999926,2019-11-07 17:30:00,37.74337534422031,34,0,34
5220,0.0,38.00999999999992,2019-11-07 18:00:00,13.55501452374088,11,0,11
5221,60.0,60.0,2019-11-07 18:30:00,0.0,0,0,0
5222,60.0,60.0,2019-11-07 19:00:00,0.0,0,0,0
5223,60.0,60.0,2019-11-07 19:30:00,0.0,0,0,0
5224,60.0,60.0,2019-11-07 20:00:00,0.0,0,0,0
5225,60.0,60.0,2019-11-07 20:30:00,0.0,0,0,0
5226,60.0,60.0,2019-11-07 21:00:00,0.0,0,0,0
5227,15.0,15.0,2019-11-07 21:30:00,0.0,0,0,0
5228,15.0,15.0,2019-11-07 22:00:00,0.0,0,0,0
5229,15.0,15.0,2019-11-07 22:30:00,0.0,0,0,0
5230,15.0,15.0,2019-11-07 23:00:00,0.0,0,0,0
5231,15.0,15.0,2019-11-07 23:30:00,0.0,0,0,0
5232,15.0,15.0,2019-11-08 00:00:00,0.0,0,0,0
5233,15.0,15.0,2019-11-08 00:30:00,0.0,0,0,0
5234,15.0,15.0,2019-11-08 01:00:00,0.0,0,0,0
5235,15.0,15.0,2019-11-08 01:30:00,0.0,0,0,0
5236,15.0,15.0,2019-11-08 02:00:00,0.0,0,0,0
5237,15.0,15.0,2019-11-08 02:30:00,0.0,0,0,0
5238,15.0,15.0,2019-11-08 03:00:00,0.0,0,0,0
5239,15.0,15.0,2019-11-08 03:30:00,0.0,0,0,0
5240,15.0,15.0,2019-11-08 04:00:00,0.0,0,0,0
5241,15.0,15.0,2019-11-08 04:30:00,0.0,0,0,0
5242,15.0,15.0,2019-11-08 05:00:00,0.0,0,0,0
5243,-7.021784085019518,-6.7468691793521955,2019-11-08 05:30:00,-7.021784085019519,4,0,4
5244,15.0,15.0,2019-11-08 06:00:00,-28.239942666905165,21,0,21
5245,15.0,15.0,2019-11-08 06:30:00,-60.0,103,20,98
5246,15.0,15.0,2019-11-08 07:00:00,-60.0,202,111,160
5247,15.0,15.0,2019-11-08 07:30:00,-60.0,105,0,105
5248,15.0,15.0,2019-11-08 08:00:00,-54.09877540630006,122,0,122
5249,0.0,14.010000000000003,2019-11-08 08:30:00,-47.29247347881086,95,0,95
5250,-5.999999999999999,-6.509999999999943,2019-11-08 09:00:00,-40.41191648465817,249,13,239
5251,-7.000000000000002,-6.699999999999962,2019-11-08 09:30:00,-33.44945303354807,296,17,281
5252,-5.999999999999999,-5.959999999999937,2019-11-08 10:00:00,-26.40485689304372,219,11,209
5253,-5.999999999999999,-7.119999999999956,2019-11-08 10:30:00,-19.2853952181874,317,17,301
5254,-5.000000000000003,-4.5299999999999745,2019-11-08 11:00:00,-12.10530279683038,183,9,174
5255,-5.000000000000003,-5.469999999999951,2019-11-08 11:30:00,-4.884590747602885,261,15,246
5256,-17.0,-29.92999999999999,2019-11-08 12:00:00,2.3527761004621235,712,172,541
5257,-3.999999999999999,-4.569999999999917,2019-11-08 12:30:00,9.581126729317656,373,21,352
5258,-3.0000000000000027,-2.2899999999999276,2019-11-08 13:00:00,16.7756693402571,251,14,237
5259,-1.000000000000003,-1.3699999999999557,2019-11-08 13:30:00,23.91486902493056,164,6,158
5260,0.0,-0.029999999999996696,2019-11-08 14:00:00,30.98243029288524,122,0,122
5261,0.0,0.0,2019-11-08 14:30:00,37.96870735982784,48,0,48
5262,0.0,-0.05999999999998673,2019-11-08 15:00:00,44.87144539534896,214,9,208
5263,0.0,1.1999999999999877,2019-11-08 15:30:00,51.695898118160336,145,0,145
5264,0.0,0.0,2019-11-08 16:00:00,58.45441557488157,106,0,106
5265,0.0,4.700000000000002,2019-11-08 16:30:00,60.0,32,0,32
5266,0.0,19.165815766428608,2019-11-08 17:00:00,60.0,73,0,73
5267,0.0,34.699999999999925,2019-11-08 17:30:00,38.39550526307943,52,0,52
5268,0.0,37.33999999999991,2019-11-08 18:00:00,13.971227026599124,13,0,13
5269,60.0,60.0,2019-11-08 18:30:00,0.0,0,0,0
5270,60.0,60.0,2019-11-08 19:00:00,0.0,0,0,0
5271,60.0,60.0,2019-11-08 19:30:00,0.0,0,0,0
5272,60.0,60.0,2019-11-08 20:00:00,0.0,0,0,0
5273,60.0,60.0,2019-11-08 20:30:00,0.0,0,0,0
5274,60.0,60.0,2019-11-08 21:00:00,0.0,0,0,0
5275,15.0,15.0,2019-11-08 21:30:00,0.0,0,0,0
5276,15.0,15.0,2019-11-08 22:00:00,0.0,0,0,0
5277,15.0,15.0,2019-11-08 22:30:00,0.0,0,0,0
5278,15.0,15.0,2019-11-08 23:00:00,0.0,0,0,0
5279,15.0,15.0,2019-11-08 23:30:00,0.0,0,0,0
5280,15.0,15.0,2019-11-09 00:00:00,0.0,0,0,0
5281,15.0,15.0,2019-11-09 00:30:00,0.0,0,0,0
5282,15.0,15.0,2019-11-09 01:00:00,0.0,0,0,0
5283,15.0,15.0,2019-11-09 01:30:00,0.0,0,0,0
5284,15.0,15.0,2019-11-09 02:00:00,0.0,0,0,0
5285,15.0,15.0,2019-11-09 02:30:00,0.0,0,0,0
5286,15.0,15.0,2019-11-09 03:00:00,0.0,0,0,0
5287,15.0,15.0,2019-11-09 03:30:00,0.0,0,0,0
5288,15.0,15.0,2019-11-09 04:00:00,0.0,0,0,0
5289,15.0,15.0,2019-11-09 04:30:00,0.0,0,0,0
5290,15.0,15.0,2019-11-09 05:00:00,0.0,0,0,0
5291,-7.3219176190838775,-6.991414041249409,2019-11-09 05:30:00,-7.321917619083877,10,0,10
5292,15.0,15.0,2019-11-09 06:00:00,-28.64069275309859,24,0,24
5293,15.0,15.0,2019-11-09 06:30:00,-60.0,21,0,21
5294,15.0,15.0,2019-11-09 07:00:00,-60.0,38,0,38
5295,15.0,15.0,2019-11-09 07:30:00,-60.0,25,0,25
5296,15.0,14.490000000000004,2019-11-09 08:00:00,-54.01769850816965,262,37,240
5297,-26.999999999999996,11.029999999999998,2019-11-09 08:30:00,-47.22083452508989,370,78,317
5298,-38.0,-26.170000000000037,2019-11-09 09:00:00,-40.3509550103506,506,158,386
5299,-5.999999999999999,-6.25999999999995,2019-11-09 09:30:00,-33.400369371700926,280,15,267
5300,-9.000000000000002,-15.600000000000007,2019-11-09 10:00:00,-26.368762805388176,397,31,370
5301,-25.000000000000004,-29.150000000000002,2019-11-09 10:30:00,-19.263251426651856,663,168,505
5302,-7.999999999999998,-12.539999999999985,2019-11-09 11:00:00,-12.097852580180486,463,36,428
5303,-5.000000000000003,-8.169999999999986,2019-11-09 11:30:00,-4.892300704616815,390,23,368
5304,-11.999999999999998,-25.299999999999965,2019-11-09 12:00:00,2.329758026393105,635,108,528
5305,-9.999999999999998,-17.079999999999963,2019-11-09 12:30:00,9.542981693686215,625,108,520
5306,-7.999999999999998,-13.889999999999963,2019-11-09 13:00:00,16.722893263581174,583,93,494
5307,-7.000000000000002,-12.559999999999983,2019-11-09 13:30:00,23.848227942958545,584,117,478
5308,-3.0000000000000027,-7.740000000000047,2019-11-09 14:00:00,30.902896546487217,480,72,418
5309,-1.9999999999999996,-6.440000000000044,2019-11-09 14:30:00,37.8773885321039,474,102,393
5310,0.9999999999999964,-1.0500000000000176,2019-11-09 15:00:00,44.76951705932119,387,76,334
5311,7.999999999999998,8.590000000000106,2019-11-09 15:30:00,51.584549898961285,535,503,223
5312,10.000000000000005,13.130000000000074,2019-11-09 16:00:00,58.33481755183919,321,155,240
5313,6.000000000000005,7.109999999999936,2019-11-09 16:30:00,60.0,172,27,161
5314,26.0,23.159999999999982,2019-11-09 17:00:00,60.0,197,257,118
5315,18.000000000000004,24.01407044180461,2019-11-09 17:30:00,39.067177681400864,77,29,71
5316,0.0,38.38999999999996,2019-11-09 18:00:00,14.393839400363689,22,0,22
5317,60.0,60.0,2019-11-09 18:30:00,0.0,0,0,0
5318,60.0,60.0,2019-11-09 19:00:00,0.0,0,0,0
5319,60.0,60.0,2019-11-09 19:30:00,0.0,0,0,0
5320,60.0,60.0,2019-11-09 20:00:00,0.0,0,0,0
5321,60.0,60.0,2019-11-09 20:30:00,0.0,0,0,0
5322,60.0,60.0,2019-11-09 21:00:00,0.0,0,0,0
5323,15.0,15.0,2019-11-09 21:30:00,0.0,0,0,0
5324,15.0,15.0,2019-11-09 22:00:00,0.0,0,0,0
5325,15.0,15.0,2019-11-09 22:30:00,0.0,0,0,0
5326,15.0,15.0,2019-11-09 23:00:00,0.0,0,0,0
5327,15.0,15.0,2019-11-09 23:30:00,0.0,0,0,0
5328,15.0,15.0,2019-11-10 00:00:00,0.0,0,0,0
5329,15.0,15.0,2019-11-10 00:30:00,0.0,0,0,0
5330,15.0,15.0,2019-11-10 01:00:00,0.0,0,0,0
5331,15.0,15.0,2019-11-10 01:30:00,0.0,0,0,0
5332,15.0,15.0,2019-11-10 02:00:00,0.0,0,0,0
5333,15.0,15.0,2019-11-10 02:30:00,0.0,0,0,0
5334,15.0,15.0,2019-11-10 03:00:00,0.0,0,0,0
5335,15.0,15.0,2019-11-10 03:30:00,0.0,0,0,0
5336,15.0,15.0,2019-11-10 04:00:00,0.0,0,0,0
5337,15.0,15.0,2019-11-10 04:30:00,0.0,0,0,0
5338,15.0,15.0,2019-11-10 05:00:00,0.0,0,0,0
5339,-7.609889522057327,-7.355065477590526,2019-11-10 05:30:00,-7.60988952205733,8,0,8
5340,15.0,15.0,2019-11-10 06:00:00,-29.026394690141835,13,0,13
5341,15.0,15.0,2019-11-10 06:30:00,-60.0,90,0,90
5342,15.0,15.0,2019-11-10 07:00:00,-60.0,116,0,116
5343,15.0,15.0,2019-11-10 07:30:00,-60.0,84,0,84
5344,15.0,15.0,2019-11-10 08:00:00,-53.941278766720245,189,7,185
5345,-5.999999999999999,14.15,2019-11-10 08:30:00,-47.15376452225707,215,10,208
5346,-5.999999999999999,-6.37999999999995,2019-11-10 09:00:00,-40.2944495137596,253,13,242
5347,-5.000000000000003,-4.669999999999965,2019-11-10 09:30:00,-33.35560059531097,193,8,186
5348,-9.000000000000002,-13.099999999999996,2019-11-10 10:00:00,-26.336812301044308,414,34,383
5349,-5.999999999999999,-7.289999999999964,2019-11-10 10:30:00,-19.24504956767287,303,17,287
5350,-5.000000000000003,-5.3799999999999475,2019-11-10 11:00:00,-12.09411459084184,210,11,199
5351,-5.000000000000003,-5.469999999999951,2019-11-10 11:30:00,-4.903470020599076,247,14,233
5352,-3.999999999999999,-4.939999999999956,2019-11-10 12:00:00,2.303549551728674,334,18,316
5353,-3.999999999999999,-3.369999999999942,2019-11-10 12:30:00,9.50192245914009,262,15,248
5354,-3.0000000000000027,-5.07999999999996,2019-11-10 13:00:00,16.66747704323892,388,24,366
5355,-5.000000000000003,-6.880000000000028,2019-11-10 13:30:00,23.779209485546545,524,75,455
5356,-1.9999999999999996,-5.489999999999989,2019-11-10 14:00:00,30.821228861923093,399,36,368
5357,-1.000000000000003,-2.559999999999931,2019-11-10 14:30:00,37.78415338962164,351,32,326
5358,0.0,0.3500000000000014,2019-11-10 15:00:00,44.665859401366056,140,0,140
5359,0.0,0.909999999999993,2019-11-10 15:30:00,51.47162537635426,40,0,40
5360,0.0,0.6299999999999839,2019-11-10 16:00:00,58.21376000784948,52,0,52
5361,0.0,6.53,2019-11-10 16:30:00,60.0,14,0,14
5362,22.000000000000004,19.870000000000037,2019-11-10 17:00:00,60.0,172,145,127
5363,0.0,35.84999999999996,2019-11-10 17:30:00,39.75943880480221,17,0,17
5364,41.0,38.24999999999997,2019-11-10 18:00:00,14.822841197402894,42,130,31
5365,60.0,60.0,2019-11-10 18:30:00,0.0,0,0,0
5366,60.0,60.0,2019-11-10 19:00:00,0.0,0,0,0
5367,60.0,60.0,2019-11-10 19:30:00,0.0,0,0,0
5368,60.0,60.0,2019-11-10 20:00:00,0.0,0,0,0
5369,60.0,60.0,2019-11-10 20:30:00,0.0,0,0,0
5370,60.0,60.0,2019-11-10 21:00:00,0.0,0,0,0
5371,15.0,15.0,2019-11-10 21:30:00,0.0,0,0,0
5372,15.0,15.0,2019-11-10 22:00:00,0.0,0,0,0
5373,15.0,15.0,2019-11-10 22:30:00,0.0,0,0,0
5374,15.0,15.0,2019-11-10 23:00:00,0.0,0,0,0
5375,15.0,15.0,2019-11-10 23:30:00,0.0,0,0,0
5376,15.0,15.0,2019-11-11 00:00:00,0.0,0,0,0
5377,15.0,15.0,2019-11-11 00:30:00,0.0,0,0,0
5378,15.0,15.0,2019-11-11 01:00:00,0.0,0,0,0
5379,15.0,15.0,2019-11-11 01:30:00,0.0,0,0,0
5380,15.0,15.0,2019-11-11 02:00:00,0.0,0,0,0
5381,15.0,15.0,2019-11-11 02:30:00,0.0,0,0,0
5382,15.0,15.0,2019-11-11 03:00:00,0.0,0,0,0
5383,15.0,15.0,2019-11-11 03:30:00,0.0,0,0,0
5384,15.0,15.0,2019-11-11 04:00:00,0.0,0,0,0
5385,15.0,15.0,2019-11-11 04:30:00,0.0,0,0,0
5386,15.0,15.0,2019-11-11 05:00:00,0.0,0,0,0
5387,-7.885331151019444,-7.608422100460186,2019-11-11 05:30:00,-7.885331151019443,11,0,11
5388,15.0,15.0,2019-11-11 06:00:00,-29.396435108265784,61,31,56
5389,15.0,15.0,2019-11-11 06:30:00,-60.0,44,0,44
5390,15.0,15.0,2019-11-11 07:00:00,-60.0,50,0,50
5391,15.0,15.0,2019-11-11 07:30:00,-60.0,82,0,82
5392,15.0,15.0,2019-11-11 08:00:00,-53.86955763522987,130,0,130
5393,-7.999999999999998,13.989999999999991,2019-11-11 08:30:00,-47.09129860706197,253,17,241
5394,-5.000000000000003,-4.889999999999954,2019-11-11 09:00:00,-40.24242896206484,201,8,195
5395,-5.999999999999999,-6.339999999999928,2019-11-11 09:30:00,-33.315169737425336,256,13,245
5396,-7.000000000000002,-8.279999999999987,2019-11-11 10:00:00,-26.309022803303645,334,20,316
5397,-9.000000000000002,-19.909999999999993,2019-11-11 10:30:00,-19.23080185347484,457,39,420
5398,-5.999999999999999,-6.9099999999999655,2019-11-11 11:00:00,-12.094096267200928,370,21,350
5399,-5.999999999999999,-10.900000000000013,2019-11-11 11:30:00,-4.918101789598005,431,28,403
5400,-3.999999999999999,-4.95999999999996,2019-11-11 12:00:00,2.274151555957771,347,19,328
5401,-3.999999999999999,-3.3199999999999474,2019-11-11 12:30:00,9.457953608190389,317,17,300
5402,-3.0000000000000027,-2.3499999999999344,2019-11-11 13:00:00,16.60942881307891,307,17,291
5403,-1.9999999999999996,-1.6799999999999415,2019-11-11 13:30:00,23.70782529763948,265,14,252
5404,-1.000000000000003,-1.6699999999999493,2019-11-11 14:00:00,30.73744244375222,278,15,265
5405,0.0,-0.9599999999999542,2019-11-11 14:30:00,37.68902079727176,222,10,214
5406,0.0,-0.029999999999990035,2019-11-11 15:00:00,44.56049505945031,201,8,196
5407,0.9999999999999964,2.249999999999952,2019-11-11 15:30:00,51.3571510488564,209,10,203
5408,0.0,0.05999999999999339,2019-11-11 16:00:00,58.09127333533105,11,0,11
5409,10.000000000000005,7.7199999999999225,2019-11-11 16:30:00,60.0,196,54,173
5410,0.0,29.459999999999926,2019-11-11 17:00:00,60.0,13,0,13
5411,0.0,34.569999999999936,2019-11-11 17:30:00,40.473453332196925,34,0,34
5412,39.99999999999999,37.21999999999995,2019-11-11 18:00:00,15.25821945805808,46,131,35
5413,60.0,60.0,2019-11-11 18:30:00,0.0,0,0,0
5414,60.0,60.0,2019-11-11 19:00:00,0.0,0,0,0
5415,60.0,60.0,2019-11-11 19:30:00,0.0,0,0,0
5416,60.0,60.0,2019-11-11 20:00:00,0.0,0,0,0
5417,60.0,60.0,2019-11-11 20:30:00,0.0,0,0,0
5418,60.0,60.0,2019-11-11 21:00:00,0.0,0,0,0
5419,15.0,15.0,2019-11-11 21:30:00,0.0,0,0,0
5420,15.0,15.0,2019-11-11 22:00:00,0.0,0,0,0
5421,15.0,15.0,2019-11-11 22:30:00,0.0,0,0,0
5422,15.0,15.0,2019-11-11 23:00:00,0.0,0,0,0
5423,15.0,15.0,2019-11-11 23:30:00,0.0,0,0,0
5424,15.0,15.0,2019-11-12 00:00:00,0.0,0,0,0
5425,15.0,15.0,2019-11-12 00:30:00,0.0,0,0,0
5426,15.0,15.0,2019-11-12 01:00:00,0.0,0,0,0
5427,15.0,15.0,2019-11-12 01:30:00,0.0,0,0,0
5428,15.0,15.0,2019-11-12 02:00:00,0.0,0,0,0
5429,15.0,15.0,2019-11-12 02:30:00,0.0,0,0,0
5430,15.0,15.0,2019-11-12 03:00:00,0.0,0,0,0
5431,15.0,15.0,2019-11-12 03:30:00,0.0,0,0,0
5432,15.0,15.0,2019-11-12 04:00:00,0.0,0,0,0
5433,15.0,15.0,2019-11-12 04:30:00,0.0,0,0,0
5434,15.0,15.0,2019-11-12 05:00:00,0.0,0,0,0
5435,-8.147888868976565,-8.21296259979309,2019-11-12 05:30:00,-8.147888868976565,24,108,19
5436,15.0,15.0,2019-11-12 06:00:00,-29.75019962279781,39,0,39
5437,15.0,15.0,2019-11-12 06:30:00,-60.0,216,517,76
5438,15.0,15.0,2019-11-12 07:00:00,-60.0,334,633,92
5439,15.0,15.0,2019-11-12 07:30:00,-60.0,452,713,104
5440,15.0,14.110000000000031,2019-11-12 08:00:00,-53.80257462649472,569,779,111
5441,-22.000000000000004,10.909999999999998,2019-11-12 08:30:00,-47.03347000965127,350,61,308
5442,-5.000000000000003,-5.679999999999934,2019-11-12 09:00:00,-40.1949204592032,214,9,207
5443,-5.999999999999999,-5.889999999999958,2019-11-12 09:30:00,-33.27909801514783,265,14,253
5444,-21.0,-20.86,2019-11-12 10:00:00,-26.285409970175227,555,104,462
5445,-9.999999999999998,-19.959999999999994,2019-11-12 10:30:00,-19.220518779250813,468,43,428
5446,-5.999999999999999,-11.97,2019-11-12 11:00:00,-12.097803371890343,412,26,387
5447,-5.000000000000003,-5.569999999999946,2019-11-12 11:30:00,-4.936197459321143,313,17,296
5448,-13.0,-25.129999999999963,2019-11-12 12:00:00,2.241566545271758,643,113,532
5449,-5.000000000000003,-6.809999999999996,2019-11-12 12:30:00,9.411081345362268,447,32,417
5450,-25.000000000000004,-24.080000000000005,2019-11-12 13:00:00,16.548758335961985,1003,871,171
5451,-18.000000000000004,-22.58000000000006,2019-11-12 13:30:00,23.63408867134091,954,860,168
5452,-3.0000000000000027,-5.550000000000028,2019-11-12 14:00:00,30.65155417205693,438,50,395
5453,-1.000000000000003,-1.4399999999999347,2019-11-12 14:30:00,37.592011333451374,338,28,316
5454,2.000000000000006,-6.56000000000005,2019-11-12 15:00:00,44.45344843335737,704,748,170
5455,8.999999999999995,7.8100000000000325,2019-11-12 15:30:00,51.241155239396434,599,703,160
5456,0.0,0.4799999999999871,2019-11-12 16:00:00,57.96738982961242,129,0,129
5457,0.9999999999999964,2.8499999999999526,2019-11-12 16:30:00,60.0,144,4,142
5458,0.0,11.593147489259215,2019-11-12 17:00:00,60.0,107,0,107
5459,34.0,27.825854363578785,2019-11-12 17:30:00,41.21052447763646,140,310,78
5460,38.99999999999999,37.27999999999996,2019-11-12 18:00:00,15.69995849457824,47,105,37
5461,60.0,60.0,2019-11-12 18:30:00,0.0,0,0,0
5462,60.0,60.0,2019-11-12 19:00:00,0.0,0,0,0
5463,60.0,60.0,2019-11-12 19:30:00,0.0,0,0,0
5464,60.0,60.0,2019-11-12 20:00:00,0.0,0,0,0
5465,60.0,60.0,2019-11-12 20:30:00,0.0,0,0,0
5466,60.0,60.0,2019-11-12 21:00:00,0.0,0,0,0
5467,15.0,15.0,2019-11-12 21:30:00,0.0,0,0,0
5468,15.0,15.0,2019-11-12 22:00:00,0.0,0,0,0
5469,15.0,15.0,2019-11-12 22:30:00,0.0,0,0,0
5470,15.0,15.0,2019-11-12 23:00:00,0.0,0,0,0
5471,15.0,15.0,2019-11-12 23:30:00,0.0,0,0,0
5472,15.0,15.0,2019-11-13 00:00:00,0.0,0,0,0
5473,15.0,15.0,2019-11-13 00:30:00,0.0,0,0,0
5474,15.0,15.0,2019-11-13 01:00:00,0.0,0,0,0
5475,15.0,15.0,2019-11-13 01:30:00,0.0,0,0,0
5476,15.0,15.0,2019-11-13 02:00:00,0.0,0,0,0
5477,15.0,15.0,2019-11-13 02:30:00,0.0,0,0,0
5478,15.0,15.0,2019-11-13 03:00:00,0.0,0,0,0
5479,15.0,15.0,2019-11-13 03:30:00,0.0,0,0,0
5480,15.0,15.0,2019-11-13 04:00:00,0.0,0,0,0
5481,15.0,15.0,2019-11-13 04:30:00,0.0,0,0,0
5482,15.0,15.0,2019-11-13 05:00:00,0.0,0,0,0
5483,-8.397223377567284,-8.385045876297823,2019-11-13 05:30:00,-8.397223377567286,23,67,20
5484,15.0,15.0,2019-11-13 06:00:00,-30.08707535839197,106,300,58
5485,15.0,15.0,2019-11-13 06:30:00,-60.0,215,472,86
5486,15.0,15.0,2019-11-13 07:00:00,-60.0,140,10,137
5487,15.0,15.0,2019-11-13 07:30:00,-60.0,132,0,132
5488,15.0,15.0,2019-11-13 08:00:00,-53.74036729068496,217,15,209
5489,-9.000000000000002,14.00999999999999,2019-11-13 08:30:00,-46.98031002526796,265,20,251
5490,-18.000000000000004,-16.91000000000001,2019-11-13 09:00:00,-40.15194920860785,394,57,351
5491,-60.0,-39.73999999999999,2019-11-13 09:30:00,-33.24740478397274,862,861,142
5492,-60.0,-37.769999999999996,2019-11-13 10:00:00,-26.26598763570456,932,872,150
5493,-58.0,-37.18000000000001,2019-11-13 10:30:00,-19.21420904947212,988,886,154
5494,-52.0,-54.33,2019-11-13 11:00:00,-12.105239901675956,1025,890,158
5495,-30.999999999999996,-47.28,2019-11-13 11:30:00,-4.957756725248776,857,377,483
5496,-22.000000000000004,-33.240000000000016,2019-11-13 12:00:00,2.2057987785359634,803,274,531
5497,-13.0,-17.609999999999978,2019-11-13 12:30:00,9.361313640509104,691,158,535
5498,-15.0,-17.03999999999999,2019-11-13 13:00:00,16.48547716451673,776,288,501
5499,-9.000000000000002,-14.350000000000005,2019-11-13 13:30:00,23.55801472317389,678,209,487
5500,-1.9999999999999996,-6.069999999999984,2019-11-13 14:00:00,30.56358279560105,398,35,368
5501,-1.9999999999999996,-7.1000000000000245,2019-11-13 14:30:00,37.49314749762471,458,86,390
5502,0.9999999999999964,-0.9799999999999787,2019-11-13 15:00:00,44.34474590703883,343,45,311
5503,7.000000000000002,7.710000000000097,2019-11-13 15:30:00,51.123668329786106,501,368,270
5504,10.000000000000005,13.160000000000057,2019-11-13 16:00:00,57.84214393458471,341,186,243
5505,11.999999999999998,11.04999999999993,2019-11-13 16:30:00,60.0,217,83,182
5506,0.0,10.98601738374911,2019-11-13 17:00:00,60.0,104,0,104
5507,0.0,34.61999999999993,2019-11-13 17:30:00,41.97211738230724,50,0,50
5508,0.0,37.259999999999934,2019-11-13 18:00:00,16.148038985868368,29,0,29
5509,60.0,60.0,2019-11-13 18:30:00,0.0,0,0,0
5510,60.0,60.0,2019-11-13 19:00:00,0.0,0,0,0
5511,60.0,60.0,2019-11-13 19:30:00,0.0,0,0,0
5512,60.0,60.0,2019-11-13 20:00:00,0.0,0,0,0
5513,60.0,60.0,2019-11-13 20:30:00,0.0,0,0,0
5514,60.0,60.0,2019-11-13 21:00:00,0.0,0,0,0
5515,15.0,15.0,2019-11-13 21:30:00,0.0,0,0,0
5516,15.0,15.0,2019-11-13 22:00:00,0.0,0,0,0
5517,15.0,15.0,2019-11-13 22:30:00,0.0,0,0,0
5518,15.0,15.0,2019-11-13 23:00:00,0.0,0,0,0
5519,15.0,15.0,2019-11-13 23:30:00,0.0,0,0,0
5520,15.0,15.0,2019-11-14 00:00:00,0.0,0,0,0
5521,15.0,15.0,2019-11-14 00:30:00,0.0,0,0,0
5522,15.0,15.0,2019-11-14 01:00:00,0.0,0,0,0
5523,15.0,15.0,2019-11-14 01:30:00,0.0,0,0,0
5524,15.0,15.0,2019-11-14 02:00:00,0.0,0,0,0
5525,15.0,15.0,2019-11-14 02:30:00,0.0,0,0,0
5526,15.0,15.0,2019-11-14 03:00:00,0.0,0,0,0
5527,15.0,15.0,2019-11-14 03:30:00,0.0,0,0,0
5528,15.0,15.0,2019-11-14 04:00:00,0.0,0,0,0
5529,15.0,15.0,2019-11-14 04:30:00,0.0,0,0,0
5530,15.0,15.0,2019-11-14 05:00:00,0.0,0,0,0
5531,-8.633009518214353,-8.330341684534075,2019-11-14 05:30:00,-8.633009518214351,8,0,8
5532,15.0,15.0,2019-11-14 06:00:00,-30.406454103014205,22,0,22
5533,15.0,15.0,2019-11-14 06:30:00,-60.0,15,0,15
5534,15.0,15.0,2019-11-14 07:00:00,-60.0,26,0,26
5535,15.0,15.0,2019-11-14 07:30:00,-60.0,50,0,50
5536,15.0,15.0,2019-11-14 08:00:00,-53.68297107607604,95,0,95
5537,-3.999999999999999,14.169999999999998,2019-11-14 08:30:00,-46.93184786016194,193,7,189
5538,-11.999999999999998,-12.230000000000018,2019-11-14 09:00:00,-40.11353833920889,347,35,321
5539,-7.000000000000002,-6.609999999999985,2019-11-14 09:30:00,-33.22010734131347,296,17,282
5540,-5.999999999999999,-6.4399999999999835,2019-11-14 10:00:00,-26.250767589915235,315,18,299
5541,-9.999999999999998,-20.54999999999999,2019-11-14 10:30:00,-19.21187933222059,475,44,433
5542,-11.000000000000002,-16.91000000000003,2019-11-14 11:00:00,-12.116407814735767,547,64,484
5543,-5.999999999999999,-11.910000000000021,2019-11-14 11:30:00,-4.982777229881837,441,29,412
5544,-3.999999999999999,-4.709999999999974,2019-11-14 12:00:00,2.1668545928444605,308,17,291
5545,-3.999999999999999,-3.239999999999963,2019-11-14 12:30:00,9.308660581027228,222,12,209
5546,-3.0000000000000027,-2.379999999999931,2019-11-14 13:00:00,16.419599018526714,207,11,196
5547,-1.9999999999999996,-1.9699999999999496,2019-11-14 13:30:00,23.479620795003108,307,17,291
5548,-1.000000000000003,-1.7499999999999405,2019-11-14 14:00:00,30.473549352551714,312,18,296
5549,-1.000000000000003,-1.0599999999999565,2019-11-14 14:30:00,37.39245415282002,247,13,237
5550,0.9999999999999964,-3.5400000000000365,2019-11-14 15:00:00,44.23441630848483,471,158,358
5551,4.999999999999996,5.249999999999955,2019-11-14 15:30:00,51.00472323673977,385,133,301
5552,13.000000000000007,15.029999999999983,2019-11-14 16:00:00,57.71557273371152,417,383,214
5553,21.000000000000007,21.279999999999934,2019-11-14 16:30:00,60.0,359,520,137
5554,26.0,23.08999999999996,2019-11-14 17:00:00,60.0,215,304,118
5555,21.000000000000007,25.741305986474888,2019-11-14 17:30:00,42.7598867369985,87,46,77
5556,0.0,37.369999999999905,2019-11-14 18:00:00,16.602436198869526,12,0,12
5557,60.0,60.0,2019-11-14 18:30:00,0.0,0,0,0
5558,60.0,60.0,2019-11-14 19:00:00,0.0,0,0,0
5559,60.0,60.0,2019-11-14 19:30:00,0.0,0,0,0
5560,60.0,60.0,2019-11-14 20:00:00,0.0,0,0,0
5561,60.0,60.0,2019-11-14 20:30:00,0.0,0,0,0
5562,60.0,60.0,2019-11-14 21:00:00,0.0,0,0,0
5563,15.0,15.0,2019-11-14 21:30:00,0.0,0,0,0
5564,15.0,15.0,2019-11-14 22:00:00,0.0,0,0,0
5565,15.0,15.0,2019-11-14 22:30:00,0.0,0,0,0
5566,15.0,15.0,2019-11-14 23:00:00,0.0,0,0,0
5567,15.0,15.0,2019-11-14 23:30:00,0.0,0,0,0
5568,15.0,15.0,2019-11-15 00:00:00,0.0,0,0,0
5569,15.0,15.0,2019-11-15 00:30:00,0.0,0,0,0
5570,15.0,15.0,2019-11-15 01:00:00,0.0,0,0,0
5571,15.0,15.0,2019-11-15 01:30:00,0.0,0,0,0
5572,15.0,15.0,2019-11-15 02:00:00,0.0,0,0,0
5573,15.0,15.0,2019-11-15 02:30:00,0.0,0,0,0
5574,15.0,15.0,2019-11-15 03:00:00,0.0,0,0,0
5575,15.0,15.0,2019-11-15 03:30:00,0.0,0,0,0
5576,15.0,15.0,2019-11-15 04:00:00,0.0,0,0,0
5577,15.0,15.0,2019-11-15 04:30:00,0.0,0,0,0
5578,15.0,15.0,2019-11-15 05:00:00,0.0,0,0,0
5579,-8.854936647279589,-8.690103882727895,2019-11-15 05:30:00,-8.854936647279587,9,0,9
5580,15.0,15.0,2019-11-15 06:00:00,-30.707736284402223,22,0,22
5581,15.0,15.0,2019-11-15 06:30:00,-60.0,40,0,40
5582,15.0,15.0,2019-11-15 07:00:00,-60.0,19,0,19
5583,15.0,15.0,2019-11-15 07:30:00,-60.0,306,171,222
5584,15.0,15.0,2019-11-15 08:00:00,-53.63041902190995,100,0,100
5585,0.0,14.010000000000003,2019-11-15 08:30:00,-46.88811030531945,46,0,46
5586,0.0,-0.04999999999998783,2019-11-15 09:00:00,-40.07970855651352,136,0,136
5587,-5.999999999999999,-5.659999999999936,2019-11-15 09:30:00,-33.19722054971247,212,10,204
5588,-3.999999999999999,-3.2199999999999784,2019-11-15 10:00:00,-26.23975917106781,155,5,151
5589,-5.000000000000003,-5.039999999999951,2019-11-15 10:30:00,-19.213533818566148,188,9,179
5590,-5.999999999999999,-10.799999999999963,2019-11-15 11:00:00,-12.131306555794168,379,22,358
5591,-5.000000000000003,-6.9799999999999445,2019-11-15 11:30:00,-5.011254051760008,359,20,340
5592,-5.000000000000003,-9.220000000000024,2019-11-15 12:00:00,2.124742949064125,440,29,411
5593,-3.999999999999999,-3.219999999999945,2019-11-15 12:30:00,9.253134948565108,270,15,255
5594,-3.0000000000000027,-2.2299999999999343,2019-11-15 13:00:00,16.3511403904219,216,12,205
5595,-3.0000000000000027,-6.070000000000005,2019-11-15 13:30:00,23.398927085608,432,36,399
5596,-1.000000000000003,-1.219999999999959,2019-11-15 14:00:00,30.38147782812413,207,10,198
5597,0.0,0.0,2019-11-15 14:30:00,37.28995919929326,94,0,94
5598,0.0,0.0,2019-11-15 15:00:00,44.122491602042594,35,0,35
5599,0.0,0.7499999999999973,2019-11-15 15:30:00,50.88435612109026,16,0,16
5600,0.0,0.0,2019-11-15 16:00:00,57.5877166749608,43,0,43
5601,0.0,4.580000000000002,2019-11-15 16:30:00,60.0,8,0,8
5602,0.0,29.15999999999996,2019-11-15 17:00:00,60.0,9,0,9
5603,0.0,35.27999999999994,2019-11-15 17:30:00,43.575710211533305,5,0,5
5604,0.0,37.33999999999994,2019-11-15 18:00:00,17.063117384758257,19,0,19
5605,60.0,60.0,2019-11-15 18:30:00,0.0,0,0,0
5606,60.0,60.0,2019-11-15 19:00:00,0.0,0,0,0
5607,60.0,60.0,2019-11-15 19:30:00,0.0,0,0,0
5608,60.0,60.0,2019-11-15 20:00:00,0.0,0,0,0
5609,60.0,60.0,2019-11-15 20:30:00,0.0,0,0,0
5610,60.0,60.0,2019-11-15 21:00:00,0.0,0,0,0
5611,15.0,15.0,2019-11-15 21:30:00,0.0,0,0,0
5612,15.0,15.0,2019-11-15 22:00:00,0.0,0,0,0
5613,15.0,15.0,2019-11-15 22:30:00,0.0,0,0,0
5614,15.0,15.0,2019-11-15 23:00:00,0.0,0,0,0
5615,15.0,15.0,2019-11-15 23:30:00,0.0,0,0,0
5616,15.0,15.0,2019-11-16 00:00:00,0.0,0,0,0
5617,15.0,15.0,2019-11-16 00:30:00,0.0,0,0,0
5618,15.0,15.0,2019-11-16 01:00:00,0.0,0,0,0
5619,15.0,15.0,2019-11-16 01:30:00,0.0,0,0,0
5620,15.0,15.0,2019-11-16 02:00:00,0.0,0,0,0
5621,15.0,15.0,2019-11-16 02:30:00,0.0,0,0,0
5622,15.0,15.0,2019-11-16 03:00:00,0.0,0,0,0
5623,15.0,15.0,2019-11-16 03:30:00,0.0,0,0,0
5624,15.0,15.0,2019-11-16 04:00:00,0.0,0,0,0
5625,15.0,15.0,2019-11-16 04:30:00,0.0,0,0,0
5626,15.0,15.0,2019-11-16 05:00:00,0.0,0,0,0
5627,-9.062709724963188,-8.751673726395016,2019-11-16 05:30:00,-9.062709724963184,22,37,20
5628,15.0,15.0,2019-11-16 06:00:00,-30.99033594942336,105,220,69
5629,15.0,15.0,2019-11-16 06:30:00,-60.0,213,390,105
5630,15.0,15.0,2019-11-16 07:00:00,-60.0,332,529,128
5631,15.0,15.0,2019-11-16 07:30:00,-60.0,452,620,148
5632,15.0,14.640000000000027,2019-11-16 08:00:00,-53.58274125052307,572,705,155
5633,-60.0,2.7099999999999946,2019-11-16 08:30:00,-46.84912120281784,681,755,165
5634,-60.0,-41.95999999999999,2019-11-16 09:00:00,-40.05047758210674,783,801,170
5635,-60.0,-39.73999999999999,2019-11-16 09:30:00,-33.17875624580418,872,829,177
5636,-60.0,-38.39999999999999,2019-11-16 10:00:00,-26.232968641654747,947,856,180
5637,-57.0,-35.110000000000014,2019-11-16 10:30:00,-19.219173564263247,1006,871,185
5638,-51.0,-54.22,2019-11-16 11:00:00,-12.149932365103703,1045,881,186
5639,-45.0,-50.43,2019-11-16 11:30:00,-5.043178983144818,1068,889,186
5640,-39.0,-36.770000000000024,2019-11-16 12:00:00,2.0794761854378727,1091,955,140
5641,-32.0,-26.890000000000015,2019-11-16 12:30:00,9.1947530016357,1076,952,139
5642,-26.0,-24.030000000000012,2019-11-16 13:00:00,16.28012135387695,1043,945,138
5643,-19.0,-22.560000000000052,2019-11-16 13:30:00,23.315957482456056,992,934,135
5644,-11.999999999999998,-14.340000000000039,2019-11-16 14:00:00,30.28739600372345,927,921,132
5645,-5.000000000000003,-5.649999999999958,2019-11-16 14:30:00,37.185694446561065,844,900,127
5646,2.000000000000006,-6.6000000000000325,2019-11-16 15:00:00,44.00900777502214,742,848,133
5647,8.999999999999995,8.040000000000008,2019-11-16 15:30:00,50.76260728751252,637,811,125
5648,15.999999999999996,15.409999999999956,2019-11-16 16:00:00,57.45862048292446,520,757,116
5649,22.000000000000004,21.449999999999942,2019-11-16 16:30:00,60.0,399,686,104
5650,29.000000000000004,23.55999999999999,2019-11-16 17:00:00,60.0,277,584,89
5651,35.00000000000001,28.370099400494535,2019-11-16 17:30:00,44.42173004012891,160,436,68
5652,41.0,36.83243122194418,2019-11-16 18:00:00,17.530038488427834,57,188,39
5653,60.0,60.0,2019-11-16 18:30:00,0.0,0,0,0
5654,60.0,60.0,2019-11-16 19:00:00,0.0,0,0,0
5655,60.0,60.0,2019-11-16 19:30:00,0.0,0,0,0
5656,60.0,60.0,2019-11-16 20:00:00,0.0,0,0,0
5657,60.0,60.0,2019-11-16 20:30:00,0.0,0,0,0
5658,60.0,60.0,2019-11-16 21:00:00,0.0,0,0,0
5659,15.0,15.0,2019-11-16 21:30:00,0.0,0,0,0
5660,15.0,15.0,2019-11-16 22:00:00,0.0,0,0,0
5661,15.0,15.0,2019-11-16 22:30:00,0.0,0,0,0
5662,15.0,15.0,2019-11-16 23:00:00,0.0,0,0,0
5663,15.0,15.0,2019-11-16 23:30:00,0.0,0,0,0
5664,15.0,15.0,2019-11-17 00:00:00,0.0,0,0,0
5665,15.0,15.0,2019-11-17 00:30:00,0.0,0,0,0
5666,15.0,15.0,2019-11-17 01:00:00,0.0,0,0,0
5667,15.0,15.0,2019-11-17 01:30:00,0.0,0,0,0
5668,15.0,15.0,2019-11-17 02:00:00,0.0,0,0,0
5669,15.0,15.0,2019-11-17 02:30:00,0.0,0,0,0
5670,15.0,15.0,2019-11-17 03:00:00,0.0,0,0,0
5671,15.0,15.0,2019-11-17 03:30:00,0.0,0,0,0
5672,15.0,15.0,2019-11-17 04:00:00,0.0,0,0,0
5673,15.0,15.0,2019-11-17 04:30:00,0.0,0,0,0
5674,15.0,15.0,2019-11-17 05:00:00,0.0,0,0,0
5675,-9.256051214621904,-8.708446990968966,2019-11-17 05:30:00,-9.256051214621904,8,0,8
5676,15.0,15.0,2019-11-17 06:00:00,-31.25368691471729,31,0,31
5677,15.0,15.0,2019-11-17 06:30:00,-60.0,62,0,62
5678,15.0,15.0,2019-11-17 07:00:00,-60.0,96,0,96
5679,15.0,15.0,2019-11-17 07:30:00,-60.0,161,4,159
5680,15.0,14.490000000000004,2019-11-17 08:00:00,-53.53996423472624,250,28,233
5681,-17.0,13.290000000000003,2019-11-17 08:30:00,-46.81490069442369,328,45,297
5682,-19.999999999999996,-19.710000000000022,2019-11-17 09:00:00,-40.02585937686074,412,67,361
5683,-17.0,-23.970000000000024,2019-11-17 09:30:00,-33.16472243671723,459,67,403
5684,-15.0,-17.379999999999985,2019-11-17 10:00:00,-26.230398356466456,497,66,438
5685,-9.999999999999998,-18.029999999999994,2019-11-17 10:30:00,-19.22879562906675,477,45,435
5686,-9.000000000000002,-16.97000000000001,2019-11-17 11:00:00,-12.172277387147073,495,44,452
5687,-7.999999999999998,-15.490000000000006,2019-11-17 11:30:00,-5.078539613008835,505,44,461
5688,-5.999999999999999,-10.750000000000055,2019-11-17 12:00:00,2.0310709580316613,501,42,459
5689,-5.000000000000003,-8.20000000000003,2019-11-17 12:30:00,9.133535436236237,482,39,444
5690,-3.999999999999999,-6.960000000000033,2019-11-17 13:00:00,16.20656654102287,452,35,418
5691,-3.0000000000000027,-6.249999999999985,2019-11-17 13:30:00,23.23074055027593,416,32,387
5692,-1.9999999999999996,-2.56999999999993,2019-11-17 14:00:00,30.19133645773229,370,27,346
5693,-1.000000000000003,-1.2699999999999467,2019-11-17 14:30:00,37.07969661700939,318,22,300
5694,0.0,-0.08999999999998343,2019-11-17 15:00:00,43.894005847172856,263,16,251
5695,0.9999999999999964,3.2499999999999485,2019-11-17 15:30:00,50.63952219913771,235,16,225
5696,3.0000000000000027,4.539999999999953,2019-11-17 16:00:00,57.3283341790964,211,20,200
5697,7.000000000000002,6.839999999999913,2019-11-17 16:30:00,60.0,190,38,173
5698,19.0,17.650581693264424,2019-11-17 17:00:00,60.0,164,95,133
5699,15.999999999999996,23.638763091426682,2019-11-17 17:30:00,45.30040616267191,84,27,78
5700,0.0,37.259999999999934,2019-11-17 18:00:00,18.00314039051463,28,0,28
5701,60.0,60.0,2019-11-17 18:30:00,0.0,0,0,0
5702,60.0,60.0,2019-11-17 19:00:00,0.0,0,0,0
5703,60.0,60.0,2019-11-17 19:30:00,0.0,0,0,0
5704,60.0,60.0,2019-11-17 20:00:00,0.0,0,0,0
5705,60.0,60.0,2019-11-17 20:30:00,0.0,0,0,0
5706,60.0,60.0,2019-11-17 21:00:00,0.0,0,0,0
5707,60.0,15.0,2019-11-17 21:30:00,0.0,0,0,0
5708,15.0,15.0,2019-11-17 22:00:00,0.0,0,0,0
5709,15.0,15.0,2019-11-17 22:30:00,0.0,0,0,0
5710,15.0,15.0,2019-11-17 23:00:00,0.0,0,0,0
5711,15.0,15.0,2019-11-17 23:30:00,0.0,0,0,0
5712,15.0,15.0,2019-11-18 00:00:00,0.0,0,0,0
5713,15.0,15.0,2019-11-18 00:30:00,0.0,0,0,0
5714,15.0,15.0,2019-11-18 01:00:00,0.0,0,0,0
5715,15.0,15.0,2019-11-18 01:30:00,0.0,0,0,0
5716,15.0,15.0,2019-11-18 02:00:00,0.0,0,0,0
5717,15.0,15.0,2019-11-18 02:30:00,0.0,0,0,0
5718,15.0,15.0,2019-11-18 03:00:00,0.0,0,0,0
5719,15.0,15.0,2019-11-18 03:30:00,0.0,0,0,0
5720,15.0,15.0,2019-11-18 04:00:00,0.0,0,0,0
5721,15.0,15.0,2019-11-18 04:30:00,0.0,0,0,0
5722,15.0,15.0,2019-11-18 05:00:00,0.0,0,0,0
5723,-9.434703749920033,-8.908558167987861,2019-11-18 05:30:00,-9.434703749920033,8,0,8
5724,15.0,15.0,2019-11-18 06:00:00,-31.49725002563941,24,0,24
5725,15.0,15.0,2019-11-18 06:30:00,-60.0,52,0,52
5726,15.0,15.0,2019-11-18 07:00:00,-60.0,101,0,101
5727,15.0,15.0,2019-11-18 07:30:00,-60.0,153,1,152
5728,15.0,15.0,2019-11-18 08:00:00,-53.50210986945471,214,13,206
5729,-7.999999999999998,14.04,2019-11-18 08:30:00,-46.78546428078364,252,16,241
5730,-7.999999999999998,-7.939999999999965,2019-11-18 09:00:00,-40.005863185201584,285,18,272
5731,-7.000000000000002,-7.470000000000003,2019-11-18 09:30:00,-33.155122327272025,322,20,305
5732,-7.000000000000002,-8.71999999999998,2019-11-18 10:00:00,-26.232045772068783,351,22,332
5733,-5.999999999999999,-7.0099999999999545,2019-11-18 10:30:00,-19.24239206866557,319,17,302
5734,-5.000000000000003,-6.969999999999952,2019-11-18 11:00:00,-12.198328649280093,289,16,273
5735,-5.000000000000003,-5.909999999999956,2019-11-18 11:30:00,-5.117318291138084,287,16,271
5736,-3.999999999999999,-4.649999999999981,2019-11-18 12:00:00,1.979549286276168,277,16,262
5737,-3.999999999999999,-3.1899999999999484,2019-11-18 12:30:00,9.069508437419886,253,14,239
5738,-3.0000000000000027,-2.259999999999931,2019-11-18 13:00:00,16.13050619637047,224,12,212
5739,-1.9999999999999996,-1.7899999999999494,2019-11-18 13:30:00,23.143310586793003,199,10,190
5740,-1.000000000000003,-1.0999999999999521,2019-11-18 14:00:00,30.09333761515036,170,6,165
5741,0.0,-0.8299999999999619,2019-11-18 14:30:00,36.972008392451016,166,5,163
5742,0.0,-0.229999999999988,2019-11-18 15:00:00,43.77753291116931,160,3,158
5743,0.0,1.0099999999999953,2019-11-18 15:30:00,50.5151525119935,148,0,148
5744,0.0,0.4799999999999871,2019-11-18 16:00:00,57.19691410994906,134,0,134
5745,0.0,0.23000000000000131,2019-11-18 16:30:00,60.0,102,0,102
5746,0.0,8.349679434276581,2019-11-18 17:00:00,60.0,78,0,78
5747,0.0,34.769999999999925,2019-11-18 17:30:00,46.214585963014486,38,0,38
5748,0.0,37.57999999999994,2019-11-18 18:00:00,18.48234503990461,14,0,14
5749,60.0,60.0,2019-11-18 18:30:00,0.0,0,0,0
5750,60.0,60.0,2019-11-18 19:00:00,0.0,0,0,0
5751,60.0,60.0,2019-11-18 19:30:00,0.0,0,0,0
5752,60.0,60.0,2019-11-18 20:00:00,0.0,0,0,0
5753,60.0,60.0,2019-11-18 20:30:00,0.0,0,0,0
5754,60.0,60.0,2019-11-18 21:00:00,0.0,0,0,0
5755,60.0,15.0,2019-11-18 21:30:00,0.0,0,0,0
5756,15.0,15.0,2019-11-18 22:00:00,0.0,0,0,0
5757,15.0,15.0,2019-11-18 22:30:00,0.0,0,0,0
5758,15.0,15.0,2019-11-18 23:00:00,0.0,0,0,0
5759,15.0,15.0,2019-11-18 23:30:00,0.0,0,0,0
